Workbook

Sheet benchmark_results
A1: round | B1: algo | C1: n_tracks | D1: target_s | E1: runtime_s | F1: gap_s | G1: timed_out
A2: 0 | B2: design_playlist_v1 | C2: 10 | D2: 300 | G2: TRUE
A3: 0 | B3: design_playlist_v2 | C3: 10 | D3: 300 | E3: 0.0001076 | F3: 0 | G3: FALSE
A4: 0 | B4: design_playlist_v3 | C4: 10 | D4: 300 | E4: 4.8999995e-05 | F4: 0 | G4: FALSE
A5: 0 | B5: design_playlist_v4 | C5: 10 | D5: 300 | E5: 4.8400005e-05 | F5: 0 | G5: FALSE
A6: 0 | B6: design_playlist_v1 | C6: 30 | D6: 300 | G6: TRUE
A7: 0 | B7: design_playlist_v2 | C7: 30 | D7: 300 | E7: 0.001869 | F7: 0 | G7: FALSE
A8: 0 | B8: design_playlist_v3 | C8: 30 | D8: 300 | E8: 0.0002138 | F8: 0 | G8: FALSE
A9: 0 | B9: design_playlist_v4 | C9: 30 | D9: 300 | E9: 0.00014020001 | F9: 0 | G9: FALSE
A10: 0 | B10: design_playlist_v1 | C10: 50 | D10: 300 | G10: TRUE
A11: 0 | B11: design_playlist_v2 | C11: 50 | D11: 300 | E11: 0.0129738 | F11: 0 | G11: FALSE
A12: 0 | B12: design_playlist_v3 | C12: 50 | D12: 300 | E12: 0.0004772 | F12: 0 | G12: FALSE
A13: 0 | B13: design_playlist_v4 | C13: 50 | D13: 300 | E13: 0.000556 | F13: 0 | G13: FALSE
A14: 0 | B14: design_playlist_v1 | C14: 100 | D14: 300 | E14: 9.6100004e-05 | F14: 0 | G14: FALSE
A15: 0 | B15: design_playlist_v2 | C15: 100 | D15: 300 | E15: 0.2571056 | F15: 0 | G15: FALSE
A16: 0 | B16: design_playlist_v3 | C16: 100 | D16: 300 | E16: 0.0024922 | F16: 0 | G16: FALSE
A17: 0 | B17: design_playlist_v4 | C17: 100 | D17: 300 | E17: 0.0023407 | F17: 0 | G17: FALSE
A18: 0 | B18: design_playlist_v1 | C18: 200 | D18: 300 | E18: 0.0004853 | F18: 0 | G18: FALSE
A19: 0 | B19: design_playlist_v2 | C19: 200 | D19: 300 | G19: TRUE
A20: 0 | B20: design_playlist_v3 | C20: 200 | D20: 300 | E20: 0.0096613 | F20: 0 | G20: FALSE
A21: 0 | B21: design_playlist_v4 | C21: 200 | D21: 300 | E21: 0.0066784 | F21: 0 | G21: FALSE
A22: 0 | B22: design_playlist_v1 | C22: 400 | D22: 300 | E22: 0.0002594 | F22: 0 | G22: FALSE
A23: 0 | B23: design_playlist_v2 | C23: 400 | D23: 300 | G23: TRUE
A24: 0 | B24: design_playlist_v3 | C24: 400 | D24: 300 | E24: 0.0171225 | F24: 0 | G24: FALSE
A25: 0 | B25: design_playlist_v4 | C25: 400 | D25: 300 | E25: 0.0121063 | F25: 0 | G25: FALSE
A26: 0 | B26: design_playlist_v1 | C26: 10 | D26: 600 | G26: TRUE
A27: 0 | B27: design_playlist_v2 | C27: 10 | D27: 600 | E27: 0.00019179999 | F27: 1 | G27: FALSE
A28: 0 | B28: design_playlist_v3 | C28: 10 | D28: 600 | E28: 0.00010379999 | F28: 1 | G28: FALSE
A29: 0 | B29: design_playlist_v4 | C29: 10 | D29: 600 | E29: 9.8699995e-05 | F29: 1 | G29: FALSE
A30: 0 | B30: design_playlist_v1 | C30: 30 | D30: 600 | G30: TRUE
A31: 0 | B31: design_playlist_v2 | C31: 30 | D31: 600 | E31: 0.2012925 | F31: 0 | G31: FALSE
A32: 0 | B32: design_playlist_v3 | C32: 30 | D32: 600 | E32: 0.0032198 | F32: 0 | G32: FALSE
A33: 0 | B33: design_playlist_v4 | C33: 30 | D33: 600 | E33: 0.0011334 | F33: 0 | G33: FALSE
A34: 0 | B34: design_playlist_v1 | C34: 50 | D34: 600 | E34: 0.0013281 | F34: 0 | G34: FALSE
A35: 0 | B35: design_playlist_v2 | C35: 50 | D35: 600 | E35: 2.0185901 | F35: 0 | G35: FALSE
A36: 0 | B36: design_playlist_v3 | C36: 50 | D36: 600 | E36: 0.0047539 | F36: 0 | G36: FALSE
A37: 0 | B37: design_playlist_v4 | C37: 50 | D37: 600 | E37: 0.002092 | F37: 0 | G37: FALSE
A38: 0 | B38: design_playlist_v1 | C38: 100 | D38: 600 | E38: 0.0003647 | F38: 0 | G38: FALSE
A39: 0 | B39: design_playlist_v2 | C39: 100 | D39: 600 | G39: TRUE
A40: 0 | B40: design_playlist_v3 | C40: 100 | D40: 600 | E40: 0.0112992 | F40: 0 | G40: FALSE
A41: 0 | B41: design_playlist_v4 | C41: 100 | D41: 600 | E41: 0.0055072 | F41: 0 | G41: FALSE
A42: 0 | B42: design_playlist_v1 | C42: 200 | D42: 600 | E42: 0.0002064 | F42: 0 | G42: FALSE
A43: 0 | B43: design_playlist_v2 | C43: 200 | D43: 600 | G43: TRUE
A44: 0 | B44: design_playlist_v3 | C44: 200 | D44: 600 | E44: 0.0278269 | F44: 0 | G44: FALSE
A45: 0 | B45: design_playlist_v4 | C45: 200 | D45: 600 | E45: 0.0109199 | F45: 0 | G45: FALSE
A46: 0 | B46: design_playlist_v1 | C46: 400 | D46: 600 | E46: 0.002134 | F46: 0 | G46: FALSE
A47: 0 | B47: design_playlist_v2 | C47: 400 | D47: 600 | G47: TRUE
A48: 0 | B48: design_playlist_v3 | C48: 400 | D48: 600 | E48: 0.0623693 | F48: 0 | G48: FALSE
A49: 0 | B49: design_playlist_v4 | C49: 400 | D49: 600 | E49: 0.0260313 | F49: 0 | G49: FALSE
A50: 0 | B50: design_playlist_v1 | C50: 10 | D50: 1200 | G50: TRUE
A51: 0 | B51: design_playlist_v2 | C51: 10 | D51: 1200 | E51: 0.0003768 | F51: 0 | G51: FALSE
A52: 0 | B52: design_playlist_v3 | C52: 10 | D52: 1200 | E52: 0.0004474 | F52: 0 | G52: FALSE
A53: 0 | B53: design_playlist_v4 | C53: 10 | D53: 1200 | E53: 0.00026 | F53: 0 | G53: FALSE
A54: 0 | B54: design_playlist_v1 | C54: 30 | D54: 1200 | E54: 0.0014995 | F54: 0 | G54: FALSE
A55: 0 | B55: design_playlist_v2 | C55: 30 | D55: 1200 | E55: 1.1999932 | F55: 0 | G55: FALSE
A56: 0 | B56: design_playlist_v3 | C56: 30 | D56: 1200 | E56: 0.0061297 | F56: 0 | G56: FALSE
A57: 0 | B57: design_playlist_v4 | C57: 30 | D57: 1200 | E57: 0.0031425 | F57: 0 | G57: FALSE
A58: 0 | B58: design_playlist_v1 | C58: 50 | D58: 1200 | E58: 0.0001851 | F58: 0 | G58: FALSE
A59: 0 | B59: design_playlist_v2 | C59: 50 | D59: 1200 | G59: TRUE
A60: 0 | B60: design_playlist_v3 | C60: 50 | D60: 1200 | E60: 0.0137826 | F60: 0 | G60: FALSE
A61: 0 | B61: design_playlist_v4 | C61: 50 | D61: 1200 | E61: 0.0050836 | F61: 0 | G61: FALSE
A62: 0 | B62: design_playlist_v1 | C62: 100 | D62: 1200 | E62: 0.0014425 | F62: 0 | G62: FALSE
A63: 0 | B63: design_playlist_v2 | C63: 100 | D63: 1200 | G63: TRUE
A64: 0 | B64: design_playlist_v3 | C64: 100 | D64: 1200 | E64: 0.0333789 | F64: 0 | G64: FALSE
A65: 0 | B65: design_playlist_v4 | C65: 100 | D65: 1200 | E65: 0.014605 | F65: 0 | G65: FALSE
A66: 0 | B66: design_playlist_v1 | C66: 200 | D66: 1200 | E66: 0.0010017 | F66: 0 | G66: FALSE
A67: 0 | B67: design_playlist_v2 | C67: 200 | D67: 1200 | G67: TRUE
A68: 0 | B68: design_playlist_v3 | C68: 200 | D68: 1200 | E68: 0.084215 | F68: 0 | G68: FALSE
A69: 0 | B69: design_playlist_v4 | C69: 200 | D69: 1200 | E69: 0.0297621 | F69: 0 | G69: FALSE
A70: 0 | B70: design_playlist_v1 | C70: 400 | D70: 1200 | E70: 0.0019615 | F70: 0 | G70: FALSE
A71: 0 | B71: design_playlist_v2 | C71: 400 | D71: 1200 | G71: TRUE
A72: 0 | B72: design_playlist_v3 | C72: 400 | D72: 1200 | E72: 0.2339252 | F72: 0 | G72: FALSE
A73: 0 | B73: design_playlist_v4 | C73: 400 | D73: 1200 | E73: 0.0674693 | F73: 0 | G73: FALSE
A74: 0 | B74: design_playlist_v1 | C74: 10 | D74: 3600 | E74: 2.1200001e-05 | F74: 1176 | G74: FALSE
A75: 0 | B75: design_playlist_v2 | C75: 10 | D75: 3600 | E75: 0.00060720001 | F75: 1176 | G75: FALSE
A76: 0 | B76: design_playlist_v3 | C76: 10 | D76: 3600 | E76: 0.00079790001 | F76: 1177 | G76: FALSE
A77: 0 | B77: design_playlist_v4 | C77: 10 | D77: 3600 | E77: 0.00041699999 | F77: 1177 | G77: FALSE
A78: 0 | B78: design_playlist_v1 | C78: 30 | D78: 3600 | E78: 0.0004217 | F78: 0 | G78: FALSE
A79: 0 | B79: design_playlist_v2 | C79: 30 | D79: 3600 | G79: TRUE
A80: 0 | B80: design_playlist_v3 | C80: 30 | D80: 3600 | E80: 0.0308411 | F80: 0 | G80: FALSE
A81: 0 | B81: design_playlist_v4 | C81: 30 | D81: 3600 | E81: 0.0111103 | F81: 0 | G81: FALSE
A82: 0 | B82: design_playlist_v1 | C82: 50 | D82: 3600 | E82: 0.0011814 | F82: 0 | G82: FALSE
A83: 0 | B83: design_playlist_v2 | C83: 50 | D83: 3600 | G83: TRUE
A84: 0 | B84: design_playlist_v3 | C84: 50 | D84: 3600 | E84: 0.0661075 | F84: 0 | G84: FALSE
A85: 0 | B85: design_playlist_v4 | C85: 50 | D85: 3600 | E85: 0.0273933 | F85: 0 | G85: FALSE
A86: 0 | B86: design_playlist_v1 | C86: 100 | D86: 3600 | E86: 0.00070209999 | F86: 0 | G86: FALSE
A87: 0 | B87: design_playlist_v2 | C87: 100 | D87: 3600 | G87: TRUE
A88: 0 | B88: design_playlist_v3 | C88: 100 | D88: 3600 | E88: 0.2057372 | F88: 0 | G88: FALSE
A89: 0 | B89: design_playlist_v4 | C89: 100 | D89: 3600 | E89: 0.074926 | F89: 0 | G89: FALSE
A90: 0 | B90: design_playlist_v1 | C90: 200 | D90: 3600 | E90: 0.0001547 | F90: 0 | G90: FALSE
A91: 0 | B91: design_playlist_v2 | C91: 200 | D91: 3600 | G91: TRUE
A92: 0 | B92: design_playlist_v3 | C92: 200 | D92: 3600 | E92: 0.5003915 | F92: 0 | G92: FALSE
A93: 0 | B93: design_playlist_v4 | C93: 200 | D93: 3600 | E93: 0.1519461 | F93: 0 | G93: FALSE
A94: 0 | B94: design_playlist_v1 | C94: 400 | D94: 3600 | E94: 0.0005903 | F94: 0 | G94: FALSE
A95: 0 | B95: design_playlist_v2 | C95: 400 | D95: 3600 | G95: TRUE
A96: 0 | B96: design_playlist_v3 | C96: 400 | D96: 3600 | E96: 1.0115997 | F96: 0 | G96: FALSE
A97: 0 | B97: design_playlist_v4 | C97: 400 | D97: 3600 | E97: 0.3584357 | F97: 0 | G97: FALSE
A98: 0 | B98: design_playlist_v1 | C98: 10 | D98: 7200 | E98: 1.7900005e-05 | F98: 4638 | G98: FALSE
A99: 0 | B99: design_playlist_v2 | C99: 10 | D99: 7200 | E99: 0.0005099 | F99: 4638 | G99: FALSE
A100: 0 | B100: design_playlist_v3 | C100: 10 | D100: 7200 | E100: 0.00060870001 | F100: 4640 | G100: FALSE
...

Sheet Summary
A1: Benchmark Analysis — design_playlist v1 to v4
A2: Source: benchmark_results table (600 runs = 5 rounds x 4 algorithms x 6 playlist sizes x 5 duration targets). Runtime is blank where a run timed out.
A4: Metric | B4: design_playlist_v1 | C4: design_playlist_v2 | D4: design_playlist_v3 | E4: design_playlist_v4
A5: Coverage & reliability
A6: Runs attempted | B6: =COUNTIFS(benchmark_results[algo],B$4) -> 150 | C6: =COUNTIFS(benchmark_results[algo],C$4) -> 150 | D6: =COUNTIFS(benchmark_results[algo],D$4) -> 150 | E6: =COUNTIFS(benchmark_results[algo],E$4) -> 150
A7: Runs completed | B7: =COUNTIFS(benchmark_results[algo],B$4,benchmark_results[timed_out],FALSE) -> 111 | C7: =COUNTIFS(benchmark_results[algo],C$4,benchmark_results[timed_out],FALSE) -> 55 | D7: =COUNTIFS(benchmark_results[algo],D$4,benchmark_results[timed_out],FALSE) -> 150 | E7: =COUNTIFS(benchmark_results[algo],E$4,benchmark_results[timed_out],FALSE) -> 150
A8: Runs timed out | B8: =COUNTIFS(benchmark_results[algo],B$4,benchmark_results[timed_out],TRUE) -> 39 | C8: =COUNTIFS(benchmark_results[algo],C$4,benchmark_results[timed_out],TRUE) -> 95 | D8: =COUNTIFS(benchmark_results[algo],D$4,benchmark_results[timed_out],TRUE) -> 0 | E8: =COUNTIFS(benchmark_results[algo],E$4,benchmark_results[timed_out],TRUE) -> 0
A9: Timeout rate | B9: =B8/B6 -> 0.26 | C9: =C8/C6 -> 0.63333333 | D9: =D8/D6 -> 0 | E9: =E8/E6 -> 0
A10: Sizes with >=1 timeout (of 6) | B10: {=SUMPRODUCT(--(COUNTIFS(benchmark_results[algo],B$4,benchmark_results[timed_out],TRUE,benchmark_results[n_tracks],'By Size'!$A$5:$A$10)>0))} -> 5 | C10: {=SUMPRODUCT(--(COUNTIFS(benchmark_results[algo],C$4,benchmark_results[timed_out],TRUE,benchmark_results[n_tracks],'By Size'!$A$5:$A$10)>0))} -> 5 | D10: {=SUMPRODUCT(--(COUNTIFS(benchmark_results[algo],D$4,benchmark_results[timed_out],TRUE,benchmark_results[n_tracks],'By Size'!$A$5:$A$10)>0))} -> 0 | E10: {=SUMPRODUCT(--(COUNTIFS(benchmark_results[algo],E$4,benchmark_results[timed_out],TRUE,benchmark_results[n_tracks],'By Size'!$A$5:$A$10)>0))} -> 0
A11: Targets with >=1 timeout (of 5) | B11: {=SUMPRODUCT(--(COUNTIFS(benchmark_results[algo],B$4,benchmark_results[timed_out],TRUE,benchmark_results[target_s],'By Target'!$A$5:$A$9)>0))} -> 4 | C11: {=SUMPRODUCT(--(COUNTIFS(benchmark_results[algo],C$4,benchmark_results[timed_out],TRUE,benchmark_results[target_s],'By Target'!$A$5:$A$9)>0))} -> 5 | D11: {=SUMPRODUCT(--(COUNTIFS(benchmark_results[algo],D$4,benchmark_results[timed_out],TRUE,benchmark_results[target_s],'By Target'!$A$5:$A$9)>0))} -> 0 | E11: {=SUMPRODUCT(--(COUNTIFS(benchmark_results[algo],E$4,benchmark_results[timed_out],TRUE,benchmark_results[target_s],'By Target'!$A$5:$A$9)>0))} -> 0
A13: Runtime on completed runs (seconds)
A14: Mean | B14: =AVERAGEIFS(benchmark_results[runtime_s],benchmark_results[algo],B$4) -> 0.0009449973 | C14: =AVERAGEIFS(benchmark_results[runtime_s],benchmark_results[algo],C$4) -> 0.3359013 | D14: =AVERAGEIFS(benchmark_results[runtime_s],benchmark_results[algo],D$4) -> 0.25626694 | E14: =AVERAGEIFS(benchmark_results[runtime_s],benchmark_results[algo],E$4) -> 0.087146811
A15: Median | B15: {=MEDIAN(_xlfn._xlws.FILTER(benchmark_results[runtime_s],(benchmark_results[algo]=B$4)*(benchmark_results[timed_out]=FALSE)))} -> 0.000443 | C15: {=MEDIAN(_xlfn._xlws.FILTER(benchmark_results[runtime_s],(benchmark_results[algo]=C$4)*(benchmark_results[timed_out]=FALSE)))} -> 0.0018799 | D15: {=MEDIAN(_xlfn._xlws.FILTER(benchmark_results[runtime_s],(benchmark_results[algo]=D$4)*(benchmark_results[timed_out]=FALSE)))} -> 0.02702425 | E15: {=MEDIAN(_xlfn._xlws.FILTER(benchmark_results[runtime_s],(benchmark_results[algo]=E$4)*(benchmark_results[timed_out]=FALSE)))} -> 0.01081415
A16: Geometric mean | B16: {=GEOMEAN(_xlfn._xlws.FILTER(benchmark_results[runtime_s],(benchmark_results[algo]=B$4)*(benchmark_results[timed_out]=FALSE)))} -> 0.00038480206 | C16: {=GEOMEAN(_xlfn._xlws.FILTER(benchmark_results[runtime_s],(benchmark_results[algo]=C$4)*(benchmark_results[timed_out]=FALSE)))} -> 0.0066228819 | D16: {=GEOMEAN(_xlfn._xlws.FILTER(benchmark_results[runtime_s],(benchmark_results[algo]=D$4)*(benchmark_results[timed_out]=FALSE)))} -> 0.016720032 | E16: {=GEOMEAN(_xlfn._xlws.FILTER(benchmark_results[runtime_s],(benchmark_results[algo]=E$4)*(benchmark_results[timed_out]=FALSE)))} -> 0.0076975233
A17: 95th percentile | B17: {=_xlfn.PERCENTILE.INC(_xlfn._xlws.FILTER(benchmark_results[runtime_s],(benchmark_results[algo]=B$4)*(benchmark_results[timed_out]=FALSE)),0.95)} -> 0.00321775 | C17: {=_xlfn.PERCENTILE.INC(_xlfn._xlws.FILTER(benchmark_results[runtime_s],(benchmark_results[algo]=C$4)*(benchmark_results[timed_out]=FALSE)),0.95)} -> 1.2883005 | D17: {=_xlfn.PERCENTILE.INC(_xlfn._xlws.FILTER(benchmark_results[runtime_s],(benchmark_results[algo]=D$4)*(benchmark_results[timed_out]=FALSE)),0.95)} -> 1.1870118 | E17: {=_xlfn.PERCENTILE.INC(_xlfn._xlws.FILTER(benchmark_results[runtime_s],(benchmark_results[algo]=E$4)*(benchmark_results[timed_out]=FALSE)),0.95)} -> 0.45106054
A18: Minimum | B18: =_xlfn.MINIFS(benchmark_results[runtime_s],benchmark_results[algo],B$4) -> 1.7700004e-05 | C18: =_xlfn.MINIFS(benchmark_results[runtime_s],benchmark_results[algo],C$4) -> 7.3500007e-05 | D18: =_xlfn.MINIFS(benchmark_results[runtime_s],benchmark_results[algo],D$4) -> 4.1499996e-05 | E18: =_xlfn.MINIFS(benchmark_results[runtime_s],benchmark_results[algo],E$4) -> 3.63e-05
A19: Maximum | B19: =_xlfn.MAXIFS(benchmark_results[runtime_s],benchmark_results[algo],B$4) -> 0.0113342 | C19: =_xlfn.MAXIFS(benchmark_results[runtime_s],benchmark_results[algo],C$4) -> 7.0573739 | D19: =_xlfn.MAXIFS(benchmark_results[runtime_s],benchmark_results[algo],D$4) -> 4.1035292 | E19: =_xlfn.MAXIFS(benchmark_results[runtime_s],benchmark_results[algo],E$4) -> 1.490365
A20: Total compute time | B20: =SUMIFS(benchmark_results[runtime_s],benchmark_results[algo],B$4) -> 0.1048947 | C20: =SUMIFS(benchmark_results[runtime_s],benchmark_results[algo],C$4) -> 18.474571 | D20: =SUMIFS(benchmark_results[runtime_s],benchmark_results[algo],D$4) -> 38.440041 | E20: =SUMIFS(benchmark_results[runtime_s],benchmark_results[algo],E$4) -> 13.072022
A22: Solution quality (gap_s = seconds away from target)
A23: Completed runs hitting target exactly (gap = 0) | B23: =COUNTIFS(benchmark_results[algo],B$4,benchmark_results[gap_s],0) -> 101 | C23: =COUNTIFS(benchmark_results[algo],C$4,benchmark_results[gap_s],0) -> 35 | D23: =COUNTIFS(benchmark_results[algo],D$4,benchmark_results[gap_s],0) -> 125 | E23: =COUNTIFS(benchmark_results[algo],E$4,benchmark_results[gap_s],0) -> 129
A24: Share of completed runs with gap = 0 | B24: =B23/B7 -> 0.90990991 | C24: =C23/C7 -> 0.63636364 | D24: =D23/D7 -> 0.83333333 | E24: =E23/E7 -> 0.86
A25: Mean gap, all completed runs | B25: =AVERAGEIFS(benchmark_results[gap_s],benchmark_results[algo],B$4,benchmark_results[timed_out],FALSE) -> 247.66667 | C25: =AVERAGEIFS(benchmark_results[gap_s],benchmark_results[algo],C$4,benchmark_results[timed_out],FALSE) -> 500.52727 | D25: =AVERAGEIFS(benchmark_results[gap_s],benchmark_results[algo],D$4,benchmark_results[timed_out],FALSE) -> 186.88 | E25: =AVERAGEIFS(benchmark_results[gap_s],benchmark_results[algo],E$4,benchmark_results[timed_out],FALSE) -> 183.54667
A26: Max gap | B26: =_xlfn.MAXIFS(benchmark_results[gap_s],benchmark_results[algo],B$4) -> 5071 | C26: =_xlfn.MAXIFS(benchmark_results[gap_s],benchmark_results[algo],C$4) -> 5071 | D26: =_xlfn.MAXIFS(benchmark_results[gap_s],benchmark_results[algo],D$4) -> 5213 | E26: =_xlfn.MAXIFS(benchmark_results[gap_s],benchmark_results[algo],E$4) -> 5071
A27: Feasible instances only (n_tracks > 10)
A28: Completed runs with gap > 0 | B28: =COUNTIFS(benchmark_results[algo],B$4,benchmark_results[gap_s],">0",benchmark_results[n_tracks],">10") -> 0 | C28: =COUNTIFS(benchmark_results[algo],C$4,benchmark_results[gap_s],">0",benchmark_results[n_tracks],">10") -> 1 | D28: =COUNTIFS(benchmark_results[algo],D$4,benchmark_results[gap_s],">0",benchmark_results[n_tracks],">10") -> 5 | E28: =COUNTIFS(benchmark_results[algo],E$4,benchmark_results[gap_s],">0",benchmark_results[n_tracks],">10") -> 1
A29: Mean gap | B29: =AVERAGEIFS(benchmark_results[gap_s],benchmark_results[algo],B$4,benchmark_results[timed_out],FALSE,benchmark_results[n_tracks],">10") -> 0 | C29: =AVERAGEIFS(benchmark_results[gap_s],benchmark_results[algo],C$4,benchmark_results[timed_out],FALSE,benchmark_results[n_tracks],">10") -> 0.033333333 | D29: =AVERAGEIFS(benchmark_results[gap_s],benchmark_results[algo],D$4,benchmark_results[timed_out],FALSE,benchmark_results[n_tracks],">10") -> 0.232 | E29: =AVERAGEIFS(benchmark_results[gap_s],benchmark_results[algo],E$4,benchmark_results[timed_out],FALSE,benchmark_results[n_tracks],">10") -> 0.008
A30: Max gap | B30: =_xlfn.MAXIFS(benchmark_results[gap_s],benchmark_results[algo],B$4,benchmark_results[n_tracks],">10") -> 0 | C30: =_xlfn.MAXIFS(benchmark_results[gap_s],benchmark_results[algo],C$4,benchmark_results[n_tracks],">10") -> 1 | D30: =_xlfn.MAXIFS(benchmark_results[gap_s],benchmark_results[algo],D$4,benchmark_results[n_tracks],">10") -> 24 | E30: =_xlfn.MAXIFS(benchmark_results[gap_s],benchmark_results[algo],E$4,benchmark_results[n_tracks],">10") -> 1
A32: Findings
A33: 1. Only v3 and v4 are viable. Both completed all 150 instances. v1 timed out on 39 of 150 runs (26%), v2 on 95 of 150 (63%).
A34: 2. v4 is the best algorithm overall. On the 150 matched instances it beats v3 in 144, is at least 2x faster in 96, median speed-up 2.4x (geometric mean 2.2x), worst case still 0.86x. It never leaves a larger gap than v3 (gaps identical in 142 instances, v3 worse in 8, by up to 266 s).
A35: 3. v4 is also the most stable. Coefficient of variation of median runtime across the 5 rounds: v4 3.5%, v2 10.6%, v3 14.6%, v1 23.2%. Worst single run: v4 1.49 s vs v3 4.10 s vs v2 7.06 s.
A36: 4. v2 does not scale. Timeouts rise monotonically with playlist size (0, 10, 15, 20, 25, 25 out of 25 runs at n = 10, 30, 50, 100, 200, 400) - it never finished a single run at n = 200 or 400. Where it does finish, its median runtime at n = 100 (0.358 s) is already 25x v4's.
A37: 5. v1's apparent speed is an artefact, not a win. Its median runtime is 0.0004 s, but its timeouts concentrate on the EASIEST instances (15 of 25 at n = 10; 20 of 30 at target = 300 s) and disappear at large n. That is the signature of a solver that exits immediately and fails rather than searching, so its 110 'fastest per instance' wins should be discounted.
A38: 6. Scaling is super-linear in playlist size for both viable algorithms: v3 grows as n^1.62 (R2 = 0.94), v4 as n^1.44 (R2 = 0.97) - i.e. 3.1x and 2.7x runtime per doubling of catalogue size. Runtime also grows with the duration target: v4's median goes 0.001 s (300 s target) to 0.117 s (7200 s target).
A39: 7. Solution quality is essentially a tie and near-perfect. v4 hits the target exactly in 129 of 150 runs (86%), v3 in 125 of 150 (83%). Restricted to feasible instances (n_tracks > 10), v4 misses in 1 run by 1 s and v3 in 5 runs by up to 24 s.
A40: 8. The huge gaps in the data are instance infeasibility, not algorithm error: every algorithm misses by ~1,100-5,200 s at n_tracks = 10 with 3600 s / 7200 s targets, because 10 tracks cannot fill 1-2 hours. Exclude that row before judging quality.
A41: 9. Total suite cost: v4 13.1 s vs v3 38.4 s of compute for identical coverage - v4 is ~2.9x cheaper to run end to end.
A43: Recommendation
A44: Ship v4 as the default; keep v3 as a fallback since it is the only other algorithm with full coverage and matches v4 on quality. Retire v2 (unusable above n = 100). Treat v1 as a defect rather than a slow algorithm: investigate why it times out on the smallest, shortest instances while succeeding on larger ones.

Sheet By Size
A1: Runtime & reliability by playlist size (n_tracks)
A2: Aggregated across 5 rounds x 5 duration targets = 25 runs per algorithm per size. Runtime statistics cover completed runs only.
B3: Median runtime (s), completed runs | G3: Max runtime (s), completed runs | L3: Timeouts (of 25 runs) | Q3: Mean gap (s), completed runs | V3: Chart source — median runtime (s); #N/A = never completed | AB3: Chart source — timeouts (of 25 runs)
A4: n_tracks | B4: design_playlist_v1 | C4: design_playlist_v2 | D4: design_playlist_v3 | E4: design_playlist_v4 | F4: n_tracks | G4: design_playlist_v1 | H4: design_playlist_v2 | I4: design_playlist_v3 | J4: design_playlist_v4 | K4: n_tracks | L4: design_playlist_v1 | M4: design_playlist_v2 | N4: design_playlist_v3 | O4: design_playlist_v4 | P4: n_tracks | Q4: design_playlist_v1 | R4: design_playlist_v2 | S4: design_playlist_v3 | T4: design_playlist_v4 | V4: n_tracks | W4: v1 | X4: v2 | Y4: v3 | Z4: v4 | AB4: n_tracks | AC4: v1 | AD4: v2 | AE4: v3 | AF4: v4
A5: 10 | B5: {=IFERROR(MEDIAN(_xlfn._xlws.FILTER(benchmark_results[runtime_s],(benchmark_results[algo]=B$4)*(benchmark_results[n_tracks]=$A5)*(benchmark_results[timed_out]=FALSE))),"n/a")} -> 2.1100001e-05 | C5: {=IFERROR(MEDIAN(_xlfn._xlws.FILTER(benchmark_results[runtime_s],(benchmark_results[algo]=C$4)*(benchmark_results[n_tracks]=$A5)*(benchmark_results[timed_out]=FALSE))),"n/a")} -> 0.0003768 | D5: {=IFERROR(MEDIAN(_xlfn._xlws.FILTER(benchmark_results[runtime_s],(benchmark_results[algo]=D$4)*(benchmark_results[n_tracks]=$A5)*(benchmark_results[timed_out]=FALSE))),"n/a")} -> 0.0003517 | E5: {=IFERROR(MEDIAN(_xlfn._xlws.FILTER(benchmark_results[runtime_s],(benchmark_results[algo]=E$4)*(benchmark_results[n_tracks]=$A5)*(benchmark_results[timed_out]=FALSE))),"n/a")} -> 0.00026 | F5: =$A5 -> 10 | G5: =IF(COUNTIFS(benchmark_results[algo],G$4,benchmark_results[n_tracks],$A5,benchmark_results[timed_out],FALSE)=0,"n/a",_xlfn.MAXIFS(benchmark_results[runtime_s],benchmark_results[algo],G$4,benchmark_results[n_tracks],$A5)) -> 3.9399994e-05 | H5: =IF(COUNTIFS(benchmark_results[algo],H$4,benchmark_results[n_tracks],$A5,benchmark_results[timed_out],FALSE)=0,"n/a",_xlfn.MAXIFS(benchmark_results[runtime_s],benchmark_results[algo],H$4,benchmark_results[n_tracks],$A5)) -> 0.00073489999 | I5: =IF(COUNTIFS(benchmark_results[algo],I$4,benchmark_results[n_tracks],$A5,benchmark_results[timed_out],FALSE)=0,"n/a",_xlfn.MAXIFS(benchmark_results[runtime_s],benchmark_results[algo],I$4,benchmark_results[n_tracks],$A5)) -> 0.0008214 | J5: =IF(COUNTIFS(benchmark_results[algo],J$4,benchmark_results[n_tracks],$A5,benchmark_results[timed_out],FALSE)=0,"n/a",_xlfn.MAXIFS(benchmark_results[runtime_s],benchmark_results[algo],J$4,benchmark_results[n_tracks],$A5)) -> 0.0006573 | K5: =$A5 -> 10 | L5: =COUNTIFS(benchmark_results[algo],L$4,benchmark_results[n_tracks],$A5,benchmark_results[timed_out],TRUE) -> 15 | M5: =COUNTIFS(benchmark_results[algo],M$4,benchmark_results[n_tracks],$A5,benchmark_results[timed_out],TRUE) -> 0 | N5: =COUNTIFS(benchmark_results[algo],N$4,benchmark_results[n_tracks],$A5,benchmark_results[timed_out],TRUE) -> 0 | O5: =COUNTIFS(benchmark_results[algo],O$4,benchmark_results[n_tracks],$A5,benchmark_results[timed_out],TRUE) -> 0 | P5: =$A5 -> 10 | Q5: =IFERROR(AVERAGEIFS(benchmark_results[gap_s],benchmark_results[algo],Q$4,benchmark_results[n_tracks],$A5,benchmark_results[timed_out],FALSE),"n/a") -> 2749.1 | R5: =IFERROR(AVERAGEIFS(benchmark_results[gap_s],benchmark_results[algo],R$4,benchmark_results[n_tracks],$A5,benchmark_results[timed_out],FALSE),"n/a") -> 1101.12 | S5: =IFERROR(AVERAGEIFS(benchmark_results[gap_s],benchmark_results[algo],S$4,benchmark_results[n_tracks],$A5,benchmark_results[timed_out],FALSE),"n/a") -> 1120.12 | T5: =IFERROR(AVERAGEIFS(benchmark_results[gap_s],benchmark_results[algo],T$4,benchmark_results[n_tracks],$A5,benchmark_results[timed_out],FALSE),"n/a") -> 1101.24 | V5: =TEXT($A5,"0") -> 10 | W5: {=IFERROR(MEDIAN(_xlfn._xlws.FILTER(benchmark_results[runtime_s],(benchmark_results[algo]="design_playlist_"&W$4)*(benchmark_results[n_tracks]=$A5)*(benchmark_results[timed_out]=FALSE))),NA())} -> 2.1100001e-05 | X5: {=IFERROR(MEDIAN(_xlfn._xlws.FILTER(benchmark_results[runtime_s],(benchmark_results[algo]="design_playlist_"&X$4)*(benchmark_results[n_tracks]=$A5)*(benchmark_results[timed_out]=FALSE))),NA())} -> 0.0003768 | Y5: {=IFERROR(MEDIAN(_xlfn._xlws.FILTER(benchmark_results[runtime_s],(benchmark_results[algo]="design_playlist_"&Y$4)*(benchmark_results[n_tracks]=$A5)*(benchmark_results[timed_out]=FALSE))),NA())} -> 0.0003517 | Z5: {=IFERROR(MEDIAN(_xlfn._xlws.FILTER(benchmark_results[runtime_s],(benchmark_results[algo]="design_playlist_"&Z$4)*(benchmark_results[n_tracks]=$A5)*(benchmark_results[timed_out]=FALSE))),NA())} -> 0.00026 | AB5: =TEXT($A5,"0") -> 10 | AC5: =COUNTIFS(benchmark_results[algo],"design_playlist_"&AC$4,benchmark_results[n_tracks],$A5,benchmark_results[timed_out],TRUE) -> 15 | AD5: =COUNTIFS(benchmark_results[algo],"design_playlist_"&AD$4,benchmark_results[n_tracks],$A5,benchmark_results[timed_out],TRUE) -> 0 | AE5: =COUNTIFS(benchmark_results[algo],"design_playlist_"&AE$4,benchmark_results[n_tracks],$A5,benchmark_results[timed_out],TRUE) -> 0 | AF5: =COUNTIFS(benchmark_results[algo],"design_playlist_"&AF$4,benchmark_results[n_tracks],$A5,benchmark_results[timed_out],TRUE) -> 0
A6: 30 | B6: {=IFERROR(MEDIAN(_xlfn._xlws.FILTER(benchmark_results[runtime_s],(benchmark_results[algo]=B$4)*(benchmark_results[n_tracks]=$A6)*(benchmark_results[timed_out]=FALSE))),"n/a")} -> 0.0002581 | C6: {=IFERROR(MEDIAN(_xlfn._xlws.FILTER(benchmark_results[runtime_s],(benchmark_results[algo]=C$4)*(benchmark_results[n_tracks]=$A6)*(benchmark_results[timed_out]=FALSE))),"n/a")} -> 0.0280758 | D6: {=IFERROR(MEDIAN(_xlfn._xlws.FILTER(benchmark_results[runtime_s],(benchmark_results[algo]=D$4)*(benchmark_results[n_tracks]=$A6)*(benchmark_results[timed_out]=FALSE))),"n/a")} -> 0.00908 | E6: {=IFERROR(MEDIAN(_xlfn._xlws.FILTER(benchmark_results[runtime_s],(benchmark_results[algo]=E$4)*(benchmark_results[n_tracks]=$A6)*(benchmark_results[timed_out]=FALSE))),"n/a")} -> 0.0031425 | F6: =$A6 -> 30 | G6: =IF(COUNTIFS(benchmark_results[algo],G$4,benchmark_results[n_tracks],$A6,benchmark_results[timed_out],FALSE)=0,"n/a",_xlfn.MAXIFS(benchmark_results[runtime_s],benchmark_results[algo],G$4,benchmark_results[n_tracks],$A6)) -> 0.0014995 | H6: =IF(COUNTIFS(benchmark_results[algo],H$4,benchmark_results[n_tracks],$A6,benchmark_results[timed_out],FALSE)=0,"n/a",_xlfn.MAXIFS(benchmark_results[runtime_s],benchmark_results[algo],H$4,benchmark_results[n_tracks],$A6)) -> 7.0573739 | I6: =IF(COUNTIFS(benchmark_results[algo],I$4,benchmark_results[n_tracks],$A6,benchmark_results[timed_out],FALSE)=0,"n/a",_xlfn.MAXIFS(benchmark_results[runtime_s],benchmark_results[algo],I$4,benchmark_results[n_tracks],$A6)) -> 0.0600418 | J6: =IF(COUNTIFS(benchmark_results[algo],J$4,benchmark_results[n_tracks],$A6,benchmark_results[timed_out],FALSE)=0,"n/a",_xlfn.MAXIFS(benchmark_results[runtime_s],benchmark_results[algo],J$4,benchmark_results[n_tracks],$A6)) -> 0.0192623 | K6: =$A6 -> 30 | L6: =COUNTIFS(benchmark_results[algo],L$4,benchmark_results[n_tracks],$A6,benchmark_results[timed_out],TRUE) -> 12 | M6: =COUNTIFS(benchmark_results[algo],M$4,benchmark_results[n_tracks],$A6,benchmark_results[timed_out],TRUE) -> 10 | N6: =COUNTIFS(benchmark_results[algo],N$4,benchmark_results[n_tracks],$A6,benchmark_results[timed_out],TRUE) -> 0 | O6: =COUNTIFS(benchmark_results[algo],O$4,benchmark_results[n_tracks],$A6,benchmark_results[timed_out],TRUE) -> 0 | P6: =$A6 -> 30 | Q6: =IFERROR(AVERAGEIFS(benchmark_results[gap_s],benchmark_results[algo],Q$4,benchmark_results[n_tracks],$A6,benchmark_results[timed_out],FALSE),"n/a") -> 0 | R6: =IFERROR(AVERAGEIFS(benchmark_results[gap_s],benchmark_results[algo],R$4,benchmark_results[n_tracks],$A6,benchmark_results[timed_out],FALSE),"n/a") -> 0.066666667 | S6: =IFERROR(AVERAGEIFS(benchmark_results[gap_s],benchmark_results[algo],S$4,benchmark_results[n_tracks],$A6,benchmark_results[timed_out],FALSE),"n/a") -> 1.16 | T6: =IFERROR(AVERAGEIFS(benchmark_results[gap_s],benchmark_results[algo],T$4,benchmark_results[n_tracks],$A6,benchmark_results[timed_out],FALSE),"n/a") -> 0.04 | V6: =TEXT($A6,"0") -> 30 | W6: {=IFERROR(MEDIAN(_xlfn._xlws.FILTER(benchmark_results[runtime_s],(benchmark_results[algo]="design_playlist_"&W$4)*(benchmark_results[n_tracks]=$A6)*(benchmark_results[timed_out]=FALSE))),NA())} -> 0.0002581 | X6: {=IFERROR(MEDIAN(_xlfn._xlws.FILTER(benchmark_results[runtime_s],(benchmark_results[algo]="design_playlist_"&X$4)*(benchmark_results[n_tracks]=$A6)*(benchmark_results[timed_out]=FALSE))),NA())} -> 0.0280758 | Y6: {=IFERROR(MEDIAN(_xlfn._xlws.FILTER(benchmark_results[runtime_s],(benchmark_results[algo]="design_playlist_"&Y$4)*(benchmark_results[n_tracks]=$A6)*(benchmark_results[timed_out]=FALSE))),NA())} -> 0.00908 | Z6: {=IFERROR(MEDIAN(_xlfn._xlws.FILTER(benchmark_results[runtime_s],(benchmark_results[algo]="design_playlist_"&Z$4)*(benchmark_results[n_tracks]=$A6)*(benchmark_results[timed_out]=FALSE))),NA())} -> 0.0031425 | AB6: =TEXT($A6,"0") -> 30 | AC6: =COUNTIFS(benchmark_results[algo],"design_playlist_"&AC$4,benchmark_results[n_tracks],$A6,benchmark_results[timed_out],TRUE) -> 12 | AD6: =COUNTIFS(benchmark_results[algo],"design_playlist_"&AD$4,benchmark_results[n_tracks],$A6,benchmark_results[timed_out],TRUE) -> 10 | AE6: =COUNTIFS(benchmark_results[algo],"design_playlist_"&AE$4,benchmark_results[n_tracks],$A6,benchmark_results[timed_out],TRUE) -> 0 | AF6: =COUNTIFS(benchmark_results[algo],"design_playlist_"&AF$4,benchmark_results[n_tracks],$A6,benchmark_results[timed_out],TRUE) -> 0
A7: 50 | B7: {=IFERROR(MEDIAN(_xlfn._xlws.FILTER(benchmark_results[runtime_s],(benchmark_results[algo]=B$4)*(benchmark_results[n_tracks]=$A7)*(benchmark_results[timed_out]=FALSE))),"n/a")} -> 0.00065279999 | C7: {=IFERROR(MEDIAN(_xlfn._xlws.FILTER(benchmark_results[runtime_s],(benchmark_results[algo]=C$4)*(benchmark_results[n_tracks]=$A7)*(benchmark_results[timed_out]=FALSE))),"n/a")} -> 0.2152349 | D7: {=IFERROR(MEDIAN(_xlfn._xlws.FILTER(benchmark_results[runtime_s],(benchmark_results[algo]=D$4)*(benchmark_results[n_tracks]=$A7)*(benchmark_results[timed_out]=FALSE))),"n/a")} -> 0.0137826 | E7: {=IFERROR(MEDIAN(_xlfn._xlws.FILTER(benchmark_results[runtime_s],(benchmark_results[algo]=E$4)*(benchmark_results[n_tracks]=$A7)*(benchmark_results[timed_out]=FALSE))),"n/a")} -> 0.0051501 | F7: =$A7 -> 50 | G7: =IF(COUNTIFS(benchmark_results[algo],G$4,benchmark_results[n_tracks],$A7,benchmark_results[timed_out],FALSE)=0,"n/a",_xlfn.MAXIFS(benchmark_results[runtime_s],benchmark_results[algo],G$4,benchmark_results[n_tracks],$A7)) -> 0.0014076 | H7: =IF(COUNTIFS(benchmark_results[algo],H$4,benchmark_results[n_tracks],$A7,benchmark_results[timed_out],FALSE)=0,"n/a",_xlfn.MAXIFS(benchmark_results[runtime_s],benchmark_results[algo],H$4,benchmark_results[n_tracks],$A7)) -> 2.0185901 | I7: =IF(COUNTIFS(benchmark_results[algo],I$4,benchmark_results[n_tracks],$A7,benchmark_results[timed_out],FALSE)=0,"n/a",_xlfn.MAXIFS(benchmark_results[runtime_s],benchmark_results[algo],I$4,benchmark_results[n_tracks],$A7)) -> 0.1771605 | J7: =IF(COUNTIFS(benchmark_results[algo],J$4,benchmark_results[n_tracks],$A7,benchmark_results[timed_out],FALSE)=0,"n/a",_xlfn.MAXIFS(benchmark_results[runtime_s],benchmark_results[algo],J$4,benchmark_results[n_tracks],$A7)) -> 0.0733838 | K7: =$A7 -> 50 | L7: =COUNTIFS(benchmark_results[algo],L$4,benchmark_results[n_tracks],$A7,benchmark_results[timed_out],TRUE) -> 6 | M7: =COUNTIFS(benchmark_results[algo],M$4,benchmark_results[n_tracks],$A7,benchmark_results[timed_out],TRUE) -> 15 | N7: =COUNTIFS(benchmark_results[algo],N$4,benchmark_results[n_tracks],$A7,benchmark_results[timed_out],TRUE) -> 0 | O7: =COUNTIFS(benchmark_results[algo],O$4,benchmark_results[n_tracks],$A7,benchmark_results[timed_out],TRUE) -> 0 | P7: =$A7 -> 50 | Q7: =IFERROR(AVERAGEIFS(benchmark_results[gap_s],benchmark_results[algo],Q$4,benchmark_results[n_tracks],$A7,benchmark_results[timed_out],FALSE),"n/a") -> 0 | R7: =IFERROR(AVERAGEIFS(benchmark_results[gap_s],benchmark_results[algo],R$4,benchmark_results[n_tracks],$A7,benchmark_results[timed_out],FALSE),"n/a") -> 0 | S7: =IFERROR(AVERAGEIFS(benchmark_results[gap_s],benchmark_results[algo],S$4,benchmark_results[n_tracks],$A7,benchmark_results[timed_out],FALSE),"n/a") -> 0 | T7: =IFERROR(AVERAGEIFS(benchmark_results[gap_s],benchmark_results[algo],T$4,benchmark_results[n_tracks],$A7,benchmark_results[timed_out],FALSE),"n/a") -> 0 | V7: =TEXT($A7,"0") -> 50 | W7: {=IFERROR(MEDIAN(_xlfn._xlws.FILTER(benchmark_results[runtime_s],(benchmark_results[algo]="design_playlist_"&W$4)*(benchmark_results[n_tracks]=$A7)*(benchmark_results[timed_out]=FALSE))),NA())} -> 0.00065279999 | X7: {=IFERROR(MEDIAN(_xlfn._xlws.FILTER(benchmark_results[runtime_s],(benchmark_results[algo]="design_playlist_"&X$4)*(benchmark_results[n_tracks]=$A7)*(benchmark_results[timed_out]=FALSE))),NA())} -> 0.2152349 | Y7: {=IFERROR(MEDIAN(_xlfn._xlws.FILTER(benchmark_results[runtime_s],(benchmark_results[algo]="design_playlist_"&Y$4)*(benchmark_results[n_tracks]=$A7)*(benchmark_results[timed_out]=FALSE))),NA())} -> 0.0137826 | Z7: {=IFERROR(MEDIAN(_xlfn._xlws.FILTER(benchmark_results[runtime_s],(benchmark_results[algo]="design_playlist_"&Z$4)*(benchmark_results[n_tracks]=$A7)*(benchmark_results[timed_out]=FALSE))),NA())} -> 0.0051501 | AB7: =TEXT($A7,"0") -> 50 | AC7: =COUNTIFS(benchmark_results[algo],"design_playlist_"&AC$4,benchmark_results[n_tracks],$A7,benchmark_results[timed_out],TRUE) -> 6 | AD7: =COUNTIFS(benchmark_results[algo],"design_playlist_"&AD$4,benchmark_results[n_tracks],$A7,benchmark_results[timed_out],TRUE) -> 15 | AE7: =COUNTIFS(benchmark_results[algo],"design_playlist_"&AE$4,benchmark_results[n_tracks],$A7,benchmark_results[timed_out],TRUE) -> 0 | AF7: =COUNTIFS(benchmark_results[algo],"design_playlist_"&AF$4,benchmark_results[n_tracks],$A7,benchmark_results[timed_out],TRUE) -> 0
A8: 100 | B8: {=IFERROR(MEDIAN(_xlfn._xlws.FILTER(benchmark_results[runtime_s],(benchmark_results[algo]=B$4)*(benchmark_results[n_tracks]=$A8)*(benchmark_results[timed_out]=FALSE))),"n/a")} -> 0.00070734999 | C8: {=IFERROR(MEDIAN(_xlfn._xlws.FILTER(benchmark_results[runtime_s],(benchmark_results[algo]=C$4)*(benchmark_results[n_tracks]=$A8)*(benchmark_results[timed_out]=FALSE))),"n/a")} -> 0.3581277 | D8: {=IFERROR(MEDIAN(_xlfn._xlws.FILTER(benchmark_results[runtime_s],(benchmark_results[algo]=D$4)*(benchmark_results[n_tracks]=$A8)*(benchmark_results[timed_out]=FALSE))),"n/a")} -> 0.0412011 | E8: {=IFERROR(MEDIAN(_xlfn._xlws.FILTER(benchmark_results[runtime_s],(benchmark_results[algo]=E$4)*(benchmark_results[n_tracks]=$A8)*(benchmark_results[timed_out]=FALSE))),"n/a")} -> 0.014605 | F8: =$A8 -> 100 | G8: =IF(COUNTIFS(benchmark_results[algo],G$4,benchmark_results[n_tracks],$A8,benchmark_results[timed_out],FALSE)=0,"n/a",_xlfn.MAXIFS(benchmark_results[runtime_s],benchmark_results[algo],G$4,benchmark_results[n_tracks],$A8)) -> 0.010679 | H8: =IF(COUNTIFS(benchmark_results[algo],H$4,benchmark_results[n_tracks],$A8,benchmark_results[timed_out],FALSE)=0,"n/a",_xlfn.MAXIFS(benchmark_results[runtime_s],benchmark_results[algo],H$4,benchmark_results[n_tracks],$A8)) -> 0.4344965 | I8: =IF(COUNTIFS(benchmark_results[algo],I$4,benchmark_results[n_tracks],$A8,benchmark_results[timed_out],FALSE)=0,"n/a",_xlfn.MAXIFS(benchmark_results[runtime_s],benchmark_results[algo],I$4,benchmark_results[n_tracks],$A8)) -> 0.6273588 | J8: =IF(COUNTIFS(benchmark_results[algo],J$4,benchmark_results[n_tracks],$A8,benchmark_results[timed_out],FALSE)=0,"n/a",_xlfn.MAXIFS(benchmark_results[runtime_s],benchmark_results[algo],J$4,benchmark_results[n_tracks],$A8)) -> 0.2164121 | K8: =$A8 -> 100 | L8: =COUNTIFS(benchmark_results[algo],L$4,benchmark_results[n_tracks],$A8,benchmark_results[timed_out],TRUE) -> 3 | M8: =COUNTIFS(benchmark_results[algo],M$4,benchmark_results[n_tracks],$A8,benchmark_results[timed_out],TRUE) -> 20 | N8: =COUNTIFS(benchmark_results[algo],N$4,benchmark_results[n_tracks],$A8,benchmark_results[timed_out],TRUE) -> 0 | O8: =COUNTIFS(benchmark_results[algo],O$4,benchmark_results[n_tracks],$A8,benchmark_results[timed_out],TRUE) -> 0 | P8: =$A8 -> 100 | Q8: =IFERROR(AVERAGEIFS(benchmark_results[gap_s],benchmark_results[algo],Q$4,benchmark_results[n_tracks],$A8,benchmark_results[timed_out],FALSE),"n/a") -> 0 | R8: =IFERROR(AVERAGEIFS(benchmark_results[gap_s],benchmark_results[algo],R$4,benchmark_results[n_tracks],$A8,benchmark_results[timed_out],FALSE),"n/a") -> 0 | S8: =IFERROR(AVERAGEIFS(benchmark_results[gap_s],benchmark_results[algo],S$4,benchmark_results[n_tracks],$A8,benchmark_results[timed_out],FALSE),"n/a") -> 0 | T8: =IFERROR(AVERAGEIFS(benchmark_results[gap_s],benchmark_results[algo],T$4,benchmark_results[n_tracks],$A8,benchmark_results[timed_out],FALSE),"n/a") -> 0 | V8: =TEXT($A8,"0") -> 100 | W8: {=IFERROR(MEDIAN(_xlfn._xlws.FILTER(benchmark_results[runtime_s],(benchmark_results[algo]="design_playlist_"&W$4)*(benchmark_results[n_tracks]=$A8)*(benchmark_results[timed_out]=FALSE))),NA())} -> 0.00070734999 | X8: {=IFERROR(MEDIAN(_xlfn._xlws.FILTER(benchmark_results[runtime_s],(benchmark_results[algo]="design_playlist_"&X$4)*(benchmark_results[n_tracks]=$A8)*(benchmark_results[timed_out]=FALSE))),NA())} -> 0.3581277 | Y8: {=IFERROR(MEDIAN(_xlfn._xlws.FILTER(benchmark_results[runtime_s],(benchmark_results[algo]="design_playlist_"&Y$4)*(benchmark_results[n_tracks]=$A8)*(benchmark_results[timed_out]=FALSE))),NA())} -> 0.0412011 | Z8: {=IFERROR(MEDIAN(_xlfn._xlws.FILTER(benchmark_results[runtime_s],(benchmark_results[algo]="design_playlist_"&Z$4)*(benchmark_results[n_tracks]=$A8)*(benchmark_results[timed_out]=FALSE))),NA())} -> 0.014605 | AB8: =TEXT($A8,"0") -> 100 | AC8: =COUNTIFS(benchmark_results[algo],"design_playlist_"&AC$4,benchmark_results[n_tracks],$A8,benchmark_results[timed_out],TRUE) -> 3 | AD8: =COUNTIFS(benchmark_results[algo],"design_playlist_"&AD$4,benchmark_results[n_tracks],$A8,benchmark_results[timed_out],TRUE) -> 20 | AE8: =COUNTIFS(benchmark_results[algo],"design_playlist_"&AE$4,benchmark_results[n_tracks],$A8,benchmark_results[timed_out],TRUE) -> 0 | AF8: =COUNTIFS(benchmark_results[algo],"design_playlist_"&AF$4,benchmark_results[n_tracks],$A8,benchmark_results[timed_out],TRUE) -> 0
A9: 200 | B9: {=IFERROR(MEDIAN(_xlfn._xlws.FILTER(benchmark_results[runtime_s],(benchmark_results[algo]=B$4)*(benchmark_results[n_tracks]=$A9)*(benchmark_results[timed_out]=FALSE))),"n/a")} -> 0.000548 | C9: {=IFERROR(MEDIAN(_xlfn._xlws.FILTER(benchmark_results[runtime_s],(benchmark_results[algo]=C$4)*(benchmark_results[n_tracks]=$A9)*(benchmark_results[timed_out]=FALSE))),"n/a")} -> n/a | D9: {=IFERROR(MEDIAN(_xlfn._xlws.FILTER(benchmark_results[runtime_s],(benchmark_results[algo]=D$4)*(benchmark_results[n_tracks]=$A9)*(benchmark_results[timed_out]=FALSE))),"n/a")} -> 0.0886595 | E9: {=IFERROR(MEDIAN(_xlfn._xlws.FILTER(benchmark_results[runtime_s],(benchmark_results[algo]=E$4)*(benchmark_results[n_tracks]=$A9)*(benchmark_results[timed_out]=FALSE))),"n/a")} -> 0.0254293 | F9: =$A9 -> 200 | G9: =IF(COUNTIFS(benchmark_results[algo],G$4,benchmark_results[n_tracks],$A9,benchmark_results[timed_out],FALSE)=0,"n/a",_xlfn.MAXIFS(benchmark_results[runtime_s],benchmark_results[algo],G$4,benchmark_results[n_tracks],$A9)) -> 0.0047137 | H9: =IF(COUNTIFS(benchmark_results[algo],H$4,benchmark_results[n_tracks],$A9,benchmark_results[timed_out],FALSE)=0,"n/a",_xlfn.MAXIFS(benchmark_results[runtime_s],benchmark_results[algo],H$4,benchmark_results[n_tracks],$A9)) -> n/a | I9: =IF(COUNTIFS(benchmark_results[algo],I$4,benchmark_results[n_tracks],$A9,benchmark_results[timed_out],FALSE)=0,"n/a",_xlfn.MAXIFS(benchmark_results[runtime_s],benchmark_results[algo],I$4,benchmark_results[n_tracks],$A9)) -> 1.3760342 | J9: =IF(COUNTIFS(benchmark_results[algo],J$4,benchmark_results[n_tracks],$A9,benchmark_results[timed_out],FALSE)=0,"n/a",_xlfn.MAXIFS(benchmark_results[runtime_s],benchmark_results[algo],J$4,benchmark_results[n_tracks],$A9)) -> 0.6788875 | K9: =$A9 -> 200 | L9: =COUNTIFS(benchmark_results[algo],L$4,benchmark_results[n_tracks],$A9,benchmark_results[timed_out],TRUE) -> 0 | M9: =COUNTIFS(benchmark_results[algo],M$4,benchmark_results[n_tracks],$A9,benchmark_results[timed_out],TRUE) -> 25 | N9: =COUNTIFS(benchmark_results[algo],N$4,benchmark_results[n_tracks],$A9,benchmark_results[timed_out],TRUE) -> 0 | O9: =COUNTIFS(benchmark_results[algo],O$4,benchmark_results[n_tracks],$A9,benchmark_results[timed_out],TRUE) -> 0 | P9: =$A9 -> 200 | Q9: =IFERROR(AVERAGEIFS(benchmark_results[gap_s],benchmark_results[algo],Q$4,benchmark_results[n_tracks],$A9,benchmark_results[timed_out],FALSE),"n/a") -> 0 | R9: =IFERROR(AVERAGEIFS(benchmark_results[gap_s],benchmark_results[algo],R$4,benchmark_results[n_tracks],$A9,benchmark_results[timed_out],FALSE),"n/a") -> n/a | S9: =IFERROR(AVERAGEIFS(benchmark_results[gap_s],benchmark_results[algo],S$4,benchmark_results[n_tracks],$A9,benchmark_results[timed_out],FALSE),"n/a") -> 0 | T9: =IFERROR(AVERAGEIFS(benchmark_results[gap_s],benchmark_results[algo],T$4,benchmark_results[n_tracks],$A9,benchmark_results[timed_out],FALSE),"n/a") -> 0 | V9: =TEXT($A9,"0") -> 200 | W9: {=IFERROR(MEDIAN(_xlfn._xlws.FILTER(benchmark_results[runtime_s],(benchmark_results[algo]="design_playlist_"&W$4)*(benchmark_results[n_tracks]=$A9)*(benchmark_results[timed_out]=FALSE))),NA())} -> 0.000548 | X9: {=IFERROR(MEDIAN(_xlfn._xlws.FILTER(benchmark_results[runtime_s],(benchmark_results[algo]="design_playlist_"&X$4)*(benchmark_results[n_tracks]=$A9)*(benchmark_results[timed_out]=FALSE))),NA())} -> #N/A | Y9: {=IFERROR(MEDIAN(_xlfn._xlws.FILTER(benchmark_results[runtime_s],(benchmark_results[algo]="design_playlist_"&Y$4)*(benchmark_results[n_tracks]=$A9)*(benchmark_results[timed_out]=FALSE))),NA())} -> 0.0886595 | Z9: {=IFERROR(MEDIAN(_xlfn._xlws.FILTER(benchmark_results[runtime_s],(benchmark_results[algo]="design_playlist_"&Z$4)*(benchmark_results[n_tracks]=$A9)*(benchmark_results[timed_out]=FALSE))),NA())} -> 0.0254293 | AB9: =TEXT($A9,"0") -> 200 | AC9: =COUNTIFS(benchmark_results[algo],"design_playlist_"&AC$4,benchmark_results[n_tracks],$A9,benchmark_results[timed_out],TRUE) -> 0 | AD9: =COUNTIFS(benchmark_results[algo],"design_playlist_"&AD$4,benchmark_results[n_tracks],$A9,benchmark_results[timed_out],TRUE) -> 25 | AE9: =COUNTIFS(benchmark_results[algo],"design_playlist_"&AE$4,benchmark_results[n_tracks],$A9,benchmark_results[timed_out],TRUE) -> 0 | AF9: =COUNTIFS(benchmark_results[algo],"design_playlist_"&AF$4,benchmark_results[n_tracks],$A9,benchmark_results[timed_out],TRUE) -> 0
A10: 400 | B10: {=IFERROR(MEDIAN(_xlfn._xlws.FILTER(benchmark_results[runtime_s],(benchmark_results[algo]=B$4)*(benchmark_results[n_tracks]=$A10)*(benchmark_results[timed_out]=FALSE))),"n/a")} -> 0.000655 | C10: {=IFERROR(MEDIAN(_xlfn._xlws.FILTER(benchmark_results[runtime_s],(benchmark_results[algo]=C$4)*(benchmark_results[n_tracks]=$A10)*(benchmark_results[timed_out]=FALSE))),"n/a")} -> n/a | D10: {=IFERROR(MEDIAN(_xlfn._xlws.FILTER(benchmark_results[runtime_s],(benchmark_results[algo]=D$4)*(benchmark_results[n_tracks]=$A10)*(benchmark_results[timed_out]=FALSE))),"n/a")} -> 0.1920098 | E10: {=IFERROR(MEDIAN(_xlfn._xlws.FILTER(benchmark_results[runtime_s],(benchmark_results[algo]=E$4)*(benchmark_results[n_tracks]=$A10)*(benchmark_results[timed_out]=FALSE))),"n/a")} -> 0.0674693 | F10: =$A10 -> 400 | G10: =IF(COUNTIFS(benchmark_results[algo],G$4,benchmark_results[n_tracks],$A10,benchmark_results[timed_out],FALSE)=0,"n/a",_xlfn.MAXIFS(benchmark_results[runtime_s],benchmark_results[algo],G$4,benchmark_results[n_tracks],$A10)) -> 0.0113342 | H10: =IF(COUNTIFS(benchmark_results[algo],H$4,benchmark_results[n_tracks],$A10,benchmark_results[timed_out],FALSE)=0,"n/a",_xlfn.MAXIFS(benchmark_results[runtime_s],benchmark_results[algo],H$4,benchmark_results[n_tracks],$A10)) -> n/a | I10: =IF(COUNTIFS(benchmark_results[algo],I$4,benchmark_results[n_tracks],$A10,benchmark_results[timed_out],FALSE)=0,"n/a",_xlfn.MAXIFS(benchmark_results[runtime_s],benchmark_results[algo],I$4,benchmark_results[n_tracks],$A10)) -> 4.1035292 | J10: =IF(COUNTIFS(benchmark_results[algo],J$4,benchmark_results[n_tracks],$A10,benchmark_results[timed_out],FALSE)=0,"n/a",_xlfn.MAXIFS(benchmark_results[runtime_s],benchmark_results[algo],J$4,benchmark_results[n_tracks],$A10)) -> 1.490365 | K10: =$A10 -> 400 | L10: =COUNTIFS(benchmark_results[algo],L$4,benchmark_results[n_tracks],$A10,benchmark_results[timed_out],TRUE) -> 3 | M10: =COUNTIFS(benchmark_results[algo],M$4,benchmark_results[n_tracks],$A10,benchmark_results[timed_out],TRUE) -> 25 | N10: =COUNTIFS(benchmark_results[algo],N$4,benchmark_results[n_tracks],$A10,benchmark_results[timed_out],TRUE) -> 0 | O10: =COUNTIFS(benchmark_results[algo],O$4,benchmark_results[n_tracks],$A10,benchmark_results[timed_out],TRUE) -> 0 | P10: =$A10 -> 400 | Q10: =IFERROR(AVERAGEIFS(benchmark_results[gap_s],benchmark_results[algo],Q$4,benchmark_results[n_tracks],$A10,benchmark_results[timed_out],FALSE),"n/a") -> 0 | R10: =IFERROR(AVERAGEIFS(benchmark_results[gap_s],benchmark_results[algo],R$4,benchmark_results[n_tracks],$A10,benchmark_results[timed_out],FALSE),"n/a") -> n/a | S10: =IFERROR(AVERAGEIFS(benchmark_results[gap_s],benchmark_results[algo],S$4,benchmark_results[n_tracks],$A10,benchmark_results[timed_out],FALSE),"n/a") -> 0 | T10: =IFERROR(AVERAGEIFS(benchmark_results[gap_s],benchmark_results[algo],T$4,benchmark_results[n_tracks],$A10,benchmark_results[timed_out],FALSE),"n/a") -> 0 | V10: =TEXT($A10,"0") -> 400 | W10: {=IFERROR(MEDIAN(_xlfn._xlws.FILTER(benchmark_results[runtime_s],(benchmark_results[algo]="design_playlist_"&W$4)*(benchmark_results[n_tracks]=$A10)*(benchmark_results[timed_out]=FALSE))),NA())} -> 0.000655 | X10: {=IFERROR(MEDIAN(_xlfn._xlws.FILTER(benchmark_results[runtime_s],(benchmark_results[algo]="design_playlist_"&X$4)*(benchmark_results[n_tracks]=$A10)*(benchmark_results[timed_out]=FALSE))),NA())} -> #N/A | Y10: {=IFERROR(MEDIAN(_xlfn._xlws.FILTER(benchmark_results[runtime_s],(benchmark_results[algo]="design_playlist_"&Y$4)*(benchmark_results[n_tracks]=$A10)*(benchmark_results[timed_out]=FALSE))),NA())} -> 0.1920098 | Z10: {=IFERROR(MEDIAN(_xlfn._xlws.FILTER(benchmark_results[runtime_s],(benchmark_results[algo]="design_playlist_"&Z$4)*(benchmark_results[n_tracks]=$A10)*(benchmark_results[timed_out]=FALSE))),NA())} -> 0.0674693 | AB10: =TEXT($A10,"0") -> 400 | AC10: =COUNTIFS(benchmark_results[algo],"design_playlist_"&AC$4,benchmark_results[n_tracks],$A10,benchmark_results[timed_out],TRUE) -> 3 | AD10: =COUNTIFS(benchmark_results[algo],"design_playlist_"&AD$4,benchmark_results[n_tracks],$A10,benchmark_results[timed_out],TRUE) -> 25 | AE10: =COUNTIFS(benchmark_results[algo],"design_playlist_"&AE$4,benchmark_results[n_tracks],$A10,benchmark_results[timed_out],TRUE) -> 0 | AF10: =COUNTIFS(benchmark_results[algo],"design_playlist_"&AF$4,benchmark_results[n_tracks],$A10,benchmark_results[timed_out],TRUE) -> 0
A12: Scaling behaviour — fit of median runtime against playlist size (log-log)
A13: Scaling exponent (slope) | B13: {=IFERROR(SLOPE(LOG10(B$5:B$10),LOG10($A$5:$A$10)),"n/a")} -> 0.82499853 | C13: {=IFERROR(SLOPE(LOG10(C$5:C$10),LOG10($A$5:$A$10)),"n/a")} -> n/a | D13: {=IFERROR(SLOPE(LOG10(D$5:D$10),LOG10($A$5:$A$10)),"n/a")} -> 1.6233052 | E13: {=IFERROR(SLOPE(LOG10(E$5:E$10),LOG10($A$5:$A$10)),"n/a")} -> 1.4356697
A14: Runtime multiple per doubling of n | B14: =IFERROR(2^B13,"n/a") -> 1.7715332 | C14: =IFERROR(2^C13,"n/a") -> n/a | D14: =IFERROR(2^D13,"n/a") -> 3.0808003 | E14: =IFERROR(2^E13,"n/a") -> 2.705077
A15: R² of log-log fit | B15: {=IFERROR(RSQ(LOG10(B$5:B$10),LOG10($A$5:$A$10)),"n/a")} -> 0.64508479 | C15: {=IFERROR(RSQ(LOG10(C$5:C$10),LOG10($A$5:$A$10)),"n/a")} -> n/a | D15: {=IFERROR(RSQ(LOG10(D$5:D$10),LOG10($A$5:$A$10)),"n/a")} -> 0.94192279 | E15: {=IFERROR(RSQ(LOG10(E$5:E$10),LOG10($A$5:$A$10)),"n/a")} -> 0.96812822
A17: Note: at n_tracks = 10 the 3600 s and 7200 s targets are unreachable with any algorithm (too little material), so the large mean gaps in that row are instance infeasibility, not algorithm error.

Sheet By Target
A1: Runtime & reliability by duration target (target_s)
A2: Aggregated across 5 rounds x 6 playlist sizes = 30 runs per algorithm per target. Runtime statistics cover completed runs only.
B3: Median runtime (s), completed runs | G3: Max runtime (s), completed runs | L3: Timeouts (of 30 runs) | Q3: Mean gap (s), completed runs | V3: Chart source — median runtime (s); #N/A = never completed | AB3: Chart source — timeouts (of 30 runs)
A4: target_s | B4: design_playlist_v1 | C4: design_playlist_v2 | D4: design_playlist_v3 | E4: design_playlist_v4 | F4: target_s | G4: design_playlist_v1 | H4: design_playlist_v2 | I4: design_playlist_v3 | J4: design_playlist_v4 | K4: target_s | L4: design_playlist_v1 | M4: design_playlist_v2 | N4: design_playlist_v3 | O4: design_playlist_v4 | P4: target_s | Q4: design_playlist_v1 | R4: design_playlist_v2 | S4: design_playlist_v3 | T4: design_playlist_v4 | V4: target_s | W4: v1 | X4: v2 | Y4: v3 | Z4: v4 | AB4: target_s | AC4: v1 | AD4: v2 | AE4: v3 | AF4: v4
A5: 300 | B5: {=IFERROR(MEDIAN(_xlfn._xlws.FILTER(benchmark_results[runtime_s],(benchmark_results[algo]=B$4)*(benchmark_results[target_s]=$A5)*(benchmark_results[timed_out]=FALSE))),"n/a")} -> 0.00037235 | C5: {=IFERROR(MEDIAN(_xlfn._xlws.FILTER(benchmark_results[runtime_s],(benchmark_results[algo]=C$4)*(benchmark_results[target_s]=$A5)*(benchmark_results[timed_out]=FALSE))),"n/a")} -> 0.00444035 | D5: {=IFERROR(MEDIAN(_xlfn._xlws.FILTER(benchmark_results[runtime_s],(benchmark_results[algo]=D$4)*(benchmark_results[target_s]=$A5)*(benchmark_results[timed_out]=FALSE))),"n/a")} -> 0.0015708 | E5: {=IFERROR(MEDIAN(_xlfn._xlws.FILTER(benchmark_results[runtime_s],(benchmark_results[algo]=E$4)*(benchmark_results[target_s]=$A5)*(benchmark_results[timed_out]=FALSE))),"n/a")} -> 0.00096885001 | F5: =$A5 -> 300 | G5: =IF(COUNTIFS(benchmark_results[algo],G$4,benchmark_results[target_s],$A5,benchmark_results[timed_out],FALSE)=0,"n/a",_xlfn.MAXIFS(benchmark_results[runtime_s],benchmark_results[algo],G$4,benchmark_results[target_s],$A5)) -> 0.0021921 | H5: =IF(COUNTIFS(benchmark_results[algo],H$4,benchmark_results[target_s],$A5,benchmark_results[timed_out],FALSE)=0,"n/a",_xlfn.MAXIFS(benchmark_results[runtime_s],benchmark_results[algo],H$4,benchmark_results[target_s],$A5)) -> 0.4344965 | I5: =IF(COUNTIFS(benchmark_results[algo],I$4,benchmark_results[target_s],$A5,benchmark_results[timed_out],FALSE)=0,"n/a",_xlfn.MAXIFS(benchmark_results[runtime_s],benchmark_results[algo],I$4,benchmark_results[target_s],$A5)) -> 0.0213538 | J5: =IF(COUNTIFS(benchmark_results[algo],J$4,benchmark_results[target_s],$A5,benchmark_results[timed_out],FALSE)=0,"n/a",_xlfn.MAXIFS(benchmark_results[runtime_s],benchmark_results[algo],J$4,benchmark_results[target_s],$A5)) -> 0.0121063 | K5: =$A5 -> 300 | L5: =COUNTIFS(benchmark_results[algo],L$4,benchmark_results[target_s],$A5,benchmark_results[timed_out],TRUE) -> 20 | M5: =COUNTIFS(benchmark_results[algo],M$4,benchmark_results[target_s],$A5,benchmark_results[timed_out],TRUE) -> 10 | N5: =COUNTIFS(benchmark_results[algo],N$4,benchmark_results[target_s],$A5,benchmark_results[timed_out],TRUE) -> 0 | O5: =COUNTIFS(benchmark_results[algo],O$4,benchmark_results[target_s],$A5,benchmark_results[timed_out],TRUE) -> 0 | P5: =$A5 -> 300 | Q5: =IFERROR(AVERAGEIFS(benchmark_results[gap_s],benchmark_results[algo],Q$4,benchmark_results[target_s],$A5,benchmark_results[timed_out],FALSE),"n/a") -> 0 | R5: =IFERROR(AVERAGEIFS(benchmark_results[gap_s],benchmark_results[algo],R$4,benchmark_results[target_s],$A5,benchmark_results[timed_out],FALSE),"n/a") -> 1.15 | S5: =IFERROR(AVERAGEIFS(benchmark_results[gap_s],benchmark_results[algo],S$4,benchmark_results[target_s],$A5,benchmark_results[timed_out],FALSE),"n/a") -> 0.76666667 | T5: =IFERROR(AVERAGEIFS(benchmark_results[gap_s],benchmark_results[algo],T$4,benchmark_results[target_s],$A5,benchmark_results[timed_out],FALSE),"n/a") -> 0.76666667 | V5: =TEXT($A5,"0") -> 300 | W5: {=IFERROR(MEDIAN(_xlfn._xlws.FILTER(benchmark_results[runtime_s],(benchmark_results[algo]="design_playlist_"&W$4)*(benchmark_results[target_s]=$A5)*(benchmark_results[timed_out]=FALSE))),NA())} -> 0.00037235 | X5: {=IFERROR(MEDIAN(_xlfn._xlws.FILTER(benchmark_results[runtime_s],(benchmark_results[algo]="design_playlist_"&X$4)*(benchmark_results[target_s]=$A5)*(benchmark_results[timed_out]=FALSE))),NA())} -> 0.00444035 | Y5: {=IFERROR(MEDIAN(_xlfn._xlws.FILTER(benchmark_results[runtime_s],(benchmark_results[algo]="design_playlist_"&Y$4)*(benchmark_results[target_s]=$A5)*(benchmark_results[timed_out]=FALSE))),NA())} -> 0.0015708 | Z5: {=IFERROR(MEDIAN(_xlfn._xlws.FILTER(benchmark_results[runtime_s],(benchmark_results[algo]="design_playlist_"&Z$4)*(benchmark_results[target_s]=$A5)*(benchmark_results[timed_out]=FALSE))),NA())} -> 0.00096885001 | AB5: =TEXT($A5,"0") -> 300 | AC5: =COUNTIFS(benchmark_results[algo],"design_playlist_"&AC$4,benchmark_results[target_s],$A5,benchmark_results[timed_out],TRUE) -> 20 | AD5: =COUNTIFS(benchmark_results[algo],"design_playlist_"&AD$4,benchmark_results[target_s],$A5,benchmark_results[timed_out],TRUE) -> 10 | AE5: =COUNTIFS(benchmark_results[algo],"design_playlist_"&AE$4,benchmark_results[target_s],$A5,benchmark_results[timed_out],TRUE) -> 0 | AF5: =COUNTIFS(benchmark_results[algo],"design_playlist_"&AF$4,benchmark_results[target_s],$A5,benchmark_results[timed_out],TRUE) -> 0
A6: 600 | B6: {=IFERROR(MEDIAN(_xlfn._xlws.FILTER(benchmark_results[runtime_s],(benchmark_results[algo]=B$4)*(benchmark_results[target_s]=$A6)*(benchmark_results[timed_out]=FALSE))),"n/a")} -> 0.0013999 | C6: {=IFERROR(MEDIAN(_xlfn._xlws.FILTER(benchmark_results[runtime_s],(benchmark_results[algo]=C$4)*(benchmark_results[target_s]=$A6)*(benchmark_results[timed_out]=FALSE))),"n/a")} -> 0.0280758 | D6: {=IFERROR(MEDIAN(_xlfn._xlws.FILTER(benchmark_results[runtime_s],(benchmark_results[algo]=D$4)*(benchmark_results[target_s]=$A6)*(benchmark_results[timed_out]=FALSE))),"n/a")} -> 0.0077806 | E6: {=IFERROR(MEDIAN(_xlfn._xlws.FILTER(benchmark_results[runtime_s],(benchmark_results[algo]=E$4)*(benchmark_results[target_s]=$A6)*(benchmark_results[timed_out]=FALSE))),"n/a")} -> 0.0035948 | F6: =$A6 -> 600 | G6: =IF(COUNTIFS(benchmark_results[algo],G$4,benchmark_results[target_s],$A6,benchmark_results[timed_out],FALSE)=0,"n/a",_xlfn.MAXIFS(benchmark_results[runtime_s],benchmark_results[algo],G$4,benchmark_results[target_s],$A6)) -> 0.0113342 | H6: =IF(COUNTIFS(benchmark_results[algo],H$4,benchmark_results[target_s],$A6,benchmark_results[timed_out],FALSE)=0,"n/a",_xlfn.MAXIFS(benchmark_results[runtime_s],benchmark_results[algo],H$4,benchmark_results[target_s],$A6)) -> 2.0185901 | I6: =IF(COUNTIFS(benchmark_results[algo],I$4,benchmark_results[target_s],$A6,benchmark_results[timed_out],FALSE)=0,"n/a",_xlfn.MAXIFS(benchmark_results[runtime_s],benchmark_results[algo],I$4,benchmark_results[target_s],$A6)) -> 0.1766287 | J6: =IF(COUNTIFS(benchmark_results[algo],J$4,benchmark_results[target_s],$A6,benchmark_results[timed_out],FALSE)=0,"n/a",_xlfn.MAXIFS(benchmark_results[runtime_s],benchmark_results[algo],J$4,benchmark_results[target_s],$A6)) -> 0.0791766 | K6: =$A6 -> 600 | L6: =COUNTIFS(benchmark_results[algo],L$4,benchmark_results[target_s],$A6,benchmark_results[timed_out],TRUE) -> 11 | M6: =COUNTIFS(benchmark_results[algo],M$4,benchmark_results[target_s],$A6,benchmark_results[timed_out],TRUE) -> 15 | N6: =COUNTIFS(benchmark_results[algo],N$4,benchmark_results[target_s],$A6,benchmark_results[timed_out],TRUE) -> 0 | O6: =COUNTIFS(benchmark_results[algo],O$4,benchmark_results[target_s],$A6,benchmark_results[timed_out],TRUE) -> 0 | P6: =$A6 -> 600 | Q6: =IFERROR(AVERAGEIFS(benchmark_results[gap_s],benchmark_results[algo],Q$4,benchmark_results[target_s],$A6,benchmark_results[timed_out],FALSE),"n/a") -> 0 | R6: =IFERROR(AVERAGEIFS(benchmark_results[gap_s],benchmark_results[algo],R$4,benchmark_results[target_s],$A6,benchmark_results[timed_out],FALSE),"n/a") -> 0.86666667 | S6: =IFERROR(AVERAGEIFS(benchmark_results[gap_s],benchmark_results[algo],S$4,benchmark_results[target_s],$A6,benchmark_results[timed_out],FALSE),"n/a") -> 0.4 | T6: =IFERROR(AVERAGEIFS(benchmark_results[gap_s],benchmark_results[algo],T$4,benchmark_results[target_s],$A6,benchmark_results[timed_out],FALSE),"n/a") -> 0.4 | V6: =TEXT($A6,"0") -> 600 | W6: {=IFERROR(MEDIAN(_xlfn._xlws.FILTER(benchmark_results[runtime_s],(benchmark_results[algo]="design_playlist_"&W$4)*(benchmark_results[target_s]=$A6)*(benchmark_results[timed_out]=FALSE))),NA())} -> 0.0013999 | X6: {=IFERROR(MEDIAN(_xlfn._xlws.FILTER(benchmark_results[runtime_s],(benchmark_results[algo]="design_playlist_"&X$4)*(benchmark_results[target_s]=$A6)*(benchmark_results[timed_out]=FALSE))),NA())} -> 0.0280758 | Y6: {=IFERROR(MEDIAN(_xlfn._xlws.FILTER(benchmark_results[runtime_s],(benchmark_results[algo]="design_playlist_"&Y$4)*(benchmark_results[target_s]=$A6)*(benchmark_results[timed_out]=FALSE))),NA())} -> 0.0077806 | Z6: {=IFERROR(MEDIAN(_xlfn._xlws.FILTER(benchmark_results[runtime_s],(benchmark_results[algo]="design_playlist_"&Z$4)*(benchmark_results[target_s]=$A6)*(benchmark_results[timed_out]=FALSE))),NA())} -> 0.0035948 | AB6: =TEXT($A6,"0") -> 600 | AC6: =COUNTIFS(benchmark_results[algo],"design_playlist_"&AC$4,benchmark_results[target_s],$A6,benchmark_results[timed_out],TRUE) -> 11 | AD6: =COUNTIFS(benchmark_results[algo],"design_playlist_"&AD$4,benchmark_results[target_s],$A6,benchmark_results[timed_out],TRUE) -> 15 | AE6: =COUNTIFS(benchmark_results[algo],"design_playlist_"&AE$4,benchmark_results[target_s],$A6,benchmark_results[timed_out],TRUE) -> 0 | AF6: =COUNTIFS(benchmark_results[algo],"design_playlist_"&AF$4,benchmark_results[target_s],$A6,benchmark_results[timed_out],TRUE) -> 0
A7: 1200 | B7: {=IFERROR(MEDIAN(_xlfn._xlws.FILTER(benchmark_results[runtime_s],(benchmark_results[algo]=B$4)*(benchmark_results[target_s]=$A7)*(benchmark_results[timed_out]=FALSE))),"n/a")} -> 0.0009 | C7: {=IFERROR(MEDIAN(_xlfn._xlws.FILTER(benchmark_results[runtime_s],(benchmark_results[algo]=C$4)*(benchmark_results[target_s]=$A7)*(benchmark_results[timed_out]=FALSE))),"n/a")} -> 0.43352765 | D7: {=IFERROR(MEDIAN(_xlfn._xlws.FILTER(benchmark_results[runtime_s],(benchmark_results[algo]=D$4)*(benchmark_results[target_s]=$A7)*(benchmark_results[timed_out]=FALSE))),"n/a")} -> 0.03285785 | E7: {=IFERROR(MEDIAN(_xlfn._xlws.FILTER(benchmark_results[runtime_s],(benchmark_results[algo]=E$4)*(benchmark_results[target_s]=$A7)*(benchmark_results[timed_out]=FALSE))),"n/a")} -> 0.00944495 | F7: =$A7 -> 1200 | G7: =IF(COUNTIFS(benchmark_results[algo],G$4,benchmark_results[target_s],$A7,benchmark_results[timed_out],FALSE)=0,"n/a",_xlfn.MAXIFS(benchmark_results[runtime_s],benchmark_results[algo],G$4,benchmark_results[target_s],$A7)) -> 0.0042512 | H7: =IF(COUNTIFS(benchmark_results[algo],H$4,benchmark_results[target_s],$A7,benchmark_results[timed_out],FALSE)=0,"n/a",_xlfn.MAXIFS(benchmark_results[runtime_s],benchmark_results[algo],H$4,benchmark_results[target_s],$A7)) -> 7.0573739 | I7: =IF(COUNTIFS(benchmark_results[algo],I$4,benchmark_results[target_s],$A7,benchmark_results[timed_out],FALSE)=0,"n/a",_xlfn.MAXIFS(benchmark_results[runtime_s],benchmark_results[algo],I$4,benchmark_results[target_s],$A7)) -> 0.2339252 | J7: =IF(COUNTIFS(benchmark_results[algo],J$4,benchmark_results[target_s],$A7,benchmark_results[timed_out],FALSE)=0,"n/a",_xlfn.MAXIFS(benchmark_results[runtime_s],benchmark_results[algo],J$4,benchmark_results[target_s],$A7)) -> 0.0711167 | K7: =$A7 -> 1200 | L7: =COUNTIFS(benchmark_results[algo],L$4,benchmark_results[target_s],$A7,benchmark_results[timed_out],TRUE) -> 5 | M7: =COUNTIFS(benchmark_results[algo],M$4,benchmark_results[target_s],$A7,benchmark_results[timed_out],TRUE) -> 20 | N7: =COUNTIFS(benchmark_results[algo],N$4,benchmark_results[target_s],$A7,benchmark_results[timed_out],TRUE) -> 0 | O7: =COUNTIFS(benchmark_results[algo],O$4,benchmark_results[target_s],$A7,benchmark_results[timed_out],TRUE) -> 0 | P7: =$A7 -> 1200 | Q7: =IFERROR(AVERAGEIFS(benchmark_results[gap_s],benchmark_results[algo],Q$4,benchmark_results[target_s],$A7,benchmark_results[timed_out],FALSE),"n/a") -> 0 | R7: =IFERROR(AVERAGEIFS(benchmark_results[gap_s],benchmark_results[algo],R$4,benchmark_results[target_s],$A7,benchmark_results[timed_out],FALSE),"n/a") -> 0.2 | S7: =IFERROR(AVERAGEIFS(benchmark_results[gap_s],benchmark_results[algo],S$4,benchmark_results[target_s],$A7,benchmark_results[timed_out],FALSE),"n/a") -> 0.13333333 | T7: =IFERROR(AVERAGEIFS(benchmark_results[gap_s],benchmark_results[algo],T$4,benchmark_results[target_s],$A7,benchmark_results[timed_out],FALSE),"n/a") -> 0.1 | V7: =TEXT($A7,"0") -> 1200 | W7: {=IFERROR(MEDIAN(_xlfn._xlws.FILTER(benchmark_results[runtime_s],(benchmark_results[algo]="design_playlist_"&W$4)*(benchmark_results[target_s]=$A7)*(benchmark_results[timed_out]=FALSE))),NA())} -> 0.0009 | X7: {=IFERROR(MEDIAN(_xlfn._xlws.FILTER(benchmark_results[runtime_s],(benchmark_results[algo]="design_playlist_"&X$4)*(benchmark_results[target_s]=$A7)*(benchmark_results[timed_out]=FALSE))),NA())} -> 0.43352765 | Y7: {=IFERROR(MEDIAN(_xlfn._xlws.FILTER(benchmark_results[runtime_s],(benchmark_results[algo]="design_playlist_"&Y$4)*(benchmark_results[target_s]=$A7)*(benchmark_results[timed_out]=FALSE))),NA())} -> 0.03285785 | Z7: {=IFERROR(MEDIAN(_xlfn._xlws.FILTER(benchmark_results[runtime_s],(benchmark_results[algo]="design_playlist_"&Z$4)*(benchmark_results[target_s]=$A7)*(benchmark_results[timed_out]=FALSE))),NA())} -> 0.00944495 | AB7: =TEXT($A7,"0") -> 1200 | AC7: =COUNTIFS(benchmark_results[algo],"design_playlist_"&AC$4,benchmark_results[target_s],$A7,benchmark_results[timed_out],TRUE) -> 5 | AD7: =COUNTIFS(benchmark_results[algo],"design_playlist_"&AD$4,benchmark_results[target_s],$A7,benchmark_results[timed_out],TRUE) -> 20 | AE7: =COUNTIFS(benchmark_results[algo],"design_playlist_"&AE$4,benchmark_results[target_s],$A7,benchmark_results[timed_out],TRUE) -> 0 | AF7: =COUNTIFS(benchmark_results[algo],"design_playlist_"&AF$4,benchmark_results[target_s],$A7,benchmark_results[timed_out],TRUE) -> 0
A8: 3600 | B8: {=IFERROR(MEDIAN(_xlfn._xlws.FILTER(benchmark_results[runtime_s],(benchmark_results[algo]=B$4)*(benchmark_results[target_s]=$A8)*(benchmark_results[timed_out]=FALSE))),"n/a")} -> 0.00016565 | C8: {=IFERROR(MEDIAN(_xlfn._xlws.FILTER(benchmark_results[runtime_s],(benchmark_results[algo]=C$4)*(benchmark_results[target_s]=$A8)*(benchmark_results[timed_out]=FALSE))),"n/a")} -> 0.00060720001 | D8: {=IFERROR(MEDIAN(_xlfn._xlws.FILTER(benchmark_results[runtime_s],(benchmark_results[algo]=D$4)*(benchmark_results[target_s]=$A8)*(benchmark_results[timed_out]=FALSE))),"n/a")} -> 0.12893555 | E8: {=IFERROR(MEDIAN(_xlfn._xlws.FILTER(benchmark_results[runtime_s],(benchmark_results[algo]=E$4)*(benchmark_results[target_s]=$A8)*(benchmark_results[timed_out]=FALSE))),"n/a")} -> 0.04604205 | F8: =$A8 -> 3600 | G8: =IF(COUNTIFS(benchmark_results[algo],G$4,benchmark_results[target_s],$A8,benchmark_results[timed_out],FALSE)=0,"n/a",_xlfn.MAXIFS(benchmark_results[runtime_s],benchmark_results[algo],G$4,benchmark_results[target_s],$A8)) -> 0.0011814 | H8: =IF(COUNTIFS(benchmark_results[algo],H$4,benchmark_results[target_s],$A8,benchmark_results[timed_out],FALSE)=0,"n/a",_xlfn.MAXIFS(benchmark_results[runtime_s],benchmark_results[algo],H$4,benchmark_results[target_s],$A8)) -> 0.00062180001 | I8: =IF(COUNTIFS(benchmark_results[algo],I$4,benchmark_results[target_s],$A8,benchmark_results[timed_out],FALSE)=0,"n/a",_xlfn.MAXIFS(benchmark_results[runtime_s],benchmark_results[algo],I$4,benchmark_results[target_s],$A8)) -> 1.1434005 | J8: =IF(COUNTIFS(benchmark_results[algo],J$4,benchmark_results[target_s],$A8,benchmark_results[timed_out],FALSE)=0,"n/a",_xlfn.MAXIFS(benchmark_results[runtime_s],benchmark_results[algo],J$4,benchmark_results[target_s],$A8)) -> 0.3717619 | K8: =$A8 -> 3600 | L8: =COUNTIFS(benchmark_results[algo],L$4,benchmark_results[target_s],$A8,benchmark_results[timed_out],TRUE) -> 0 | M8: =COUNTIFS(benchmark_results[algo],M$4,benchmark_results[target_s],$A8,benchmark_results[timed_out],TRUE) -> 25 | N8: =COUNTIFS(benchmark_results[algo],N$4,benchmark_results[target_s],$A8,benchmark_results[timed_out],TRUE) -> 0 | O8: =COUNTIFS(benchmark_results[algo],O$4,benchmark_results[target_s],$A8,benchmark_results[timed_out],TRUE) -> 0 | P8: =$A8 -> 3600 | Q8: =IFERROR(AVERAGEIFS(benchmark_results[gap_s],benchmark_results[algo],Q$4,benchmark_results[target_s],$A8,benchmark_results[timed_out],FALSE),"n/a") -> 101.93333 | R8: =IFERROR(AVERAGEIFS(benchmark_results[gap_s],benchmark_results[algo],R$4,benchmark_results[target_s],$A8,benchmark_results[timed_out],FALSE),"n/a") -> 611.6 | S8: =IFERROR(AVERAGEIFS(benchmark_results[gap_s],benchmark_results[algo],S$4,benchmark_results[target_s],$A8,benchmark_results[timed_out],FALSE),"n/a") -> 105.8 | T8: =IFERROR(AVERAGEIFS(benchmark_results[gap_s],benchmark_results[algo],T$4,benchmark_results[target_s],$A8,benchmark_results[timed_out],FALSE),"n/a") -> 102.03333 | V8: =TEXT($A8,"0") -> 3600 | W8: {=IFERROR(MEDIAN(_xlfn._xlws.FILTER(benchmark_results[runtime_s],(benchmark_results[algo]="design_playlist_"&W$4)*(benchmark_results[target_s]=$A8)*(benchmark_results[timed_out]=FALSE))),NA())} -> 0.00016565 | X8: {=IFERROR(MEDIAN(_xlfn._xlws.FILTER(benchmark_results[runtime_s],(benchmark_results[algo]="design_playlist_"&X$4)*(benchmark_results[target_s]=$A8)*(benchmark_results[timed_out]=FALSE))),NA())} -> 0.00060720001 | Y8: {=IFERROR(MEDIAN(_xlfn._xlws.FILTER(benchmark_results[runtime_s],(benchmark_results[algo]="design_playlist_"&Y$4)*(benchmark_results[target_s]=$A8)*(benchmark_results[timed_out]=FALSE))),NA())} -> 0.12893555 | Z8: {=IFERROR(MEDIAN(_xlfn._xlws.FILTER(benchmark_results[runtime_s],(benchmark_results[algo]="design_playlist_"&Z$4)*(benchmark_results[target_s]=$A8)*(benchmark_results[timed_out]=FALSE))),NA())} -> 0.04604205 | AB8: =TEXT($A8,"0") -> 3600 | AC8: =COUNTIFS(benchmark_results[algo],"design_playlist_"&AC$4,benchmark_results[target_s],$A8,benchmark_results[timed_out],TRUE) -> 0 | AD8: =COUNTIFS(benchmark_results[algo],"design_playlist_"&AD$4,benchmark_results[target_s],$A8,benchmark_results[timed_out],TRUE) -> 25 | AE8: =COUNTIFS(benchmark_results[algo],"design_playlist_"&AE$4,benchmark_results[target_s],$A8,benchmark_results[timed_out],TRUE) -> 0 | AF8: =COUNTIFS(benchmark_results[algo],"design_playlist_"&AF$4,benchmark_results[target_s],$A8,benchmark_results[timed_out],TRUE) -> 0
A9: 7200 | B9: {=IFERROR(MEDIAN(_xlfn._xlws.FILTER(benchmark_results[runtime_s],(benchmark_results[algo]=B$4)*(benchmark_results[target_s]=$A9)*(benchmark_results[timed_out]=FALSE))),"n/a")} -> 0.0003863 | C9: {=IFERROR(MEDIAN(_xlfn._xlws.FILTER(benchmark_results[runtime_s],(benchmark_results[algo]=C$4)*(benchmark_results[target_s]=$A9)*(benchmark_results[timed_out]=FALSE))),"n/a")} -> 0.0005539 | D9: {=IFERROR(MEDIAN(_xlfn._xlws.FILTER(benchmark_results[runtime_s],(benchmark_results[algo]=D$4)*(benchmark_results[target_s]=$A9)*(benchmark_results[timed_out]=FALSE))),"n/a")} -> 0.3267948 | E9: {=IFERROR(MEDIAN(_xlfn._xlws.FILTER(benchmark_results[runtime_s],(benchmark_results[algo]=E$4)*(benchmark_results[target_s]=$A9)*(benchmark_results[timed_out]=FALSE))),"n/a")} -> 0.1171962 | F9: =$A9 -> 7200 | G9: =IF(COUNTIFS(benchmark_results[algo],G$4,benchmark_results[target_s],$A9,benchmark_results[timed_out],FALSE)=0,"n/a",_xlfn.MAXIFS(benchmark_results[runtime_s],benchmark_results[algo],G$4,benchmark_results[target_s],$A9)) -> 0.0016392 | H9: =IF(COUNTIFS(benchmark_results[algo],H$4,benchmark_results[target_s],$A9,benchmark_results[timed_out],FALSE)=0,"n/a",_xlfn.MAXIFS(benchmark_results[runtime_s],benchmark_results[algo],H$4,benchmark_results[target_s],$A9)) -> 0.0005804 | I9: =IF(COUNTIFS(benchmark_results[algo],I$4,benchmark_results[target_s],$A9,benchmark_results[timed_out],FALSE)=0,"n/a",_xlfn.MAXIFS(benchmark_results[runtime_s],benchmark_results[algo],I$4,benchmark_results[target_s],$A9)) -> 4.1035292 | J9: =IF(COUNTIFS(benchmark_results[algo],J$4,benchmark_results[target_s],$A9,benchmark_results[timed_out],FALSE)=0,"n/a",_xlfn.MAXIFS(benchmark_results[runtime_s],benchmark_results[algo],J$4,benchmark_results[target_s],$A9)) -> 1.490365 | K9: =$A9 -> 7200 | L9: =COUNTIFS(benchmark_results[algo],L$4,benchmark_results[target_s],$A9,benchmark_results[timed_out],TRUE) -> 3 | M9: =COUNTIFS(benchmark_results[algo],M$4,benchmark_results[target_s],$A9,benchmark_results[timed_out],TRUE) -> 25 | N9: =COUNTIFS(benchmark_results[algo],N$4,benchmark_results[target_s],$A9,benchmark_results[timed_out],TRUE) -> 0 | O9: =COUNTIFS(benchmark_results[algo],O$4,benchmark_results[target_s],$A9,benchmark_results[timed_out],TRUE) -> 0 | P9: =$A9 -> 7200 | Q9: =IFERROR(AVERAGEIFS(benchmark_results[gap_s],benchmark_results[algo],Q$4,benchmark_results[target_s],$A9,benchmark_results[timed_out],FALSE),"n/a") -> 904.92593 | R9: =IFERROR(AVERAGEIFS(benchmark_results[gap_s],benchmark_results[algo],R$4,benchmark_results[target_s],$A9,benchmark_results[timed_out],FALSE),"n/a") -> 4886.6 | S9: =IFERROR(AVERAGEIFS(benchmark_results[gap_s],benchmark_results[algo],S$4,benchmark_results[target_s],$A9,benchmark_results[timed_out],FALSE),"n/a") -> 827.3 | T9: =IFERROR(AVERAGEIFS(benchmark_results[gap_s],benchmark_results[algo],T$4,benchmark_results[target_s],$A9,benchmark_results[timed_out],FALSE),"n/a") -> 814.43333 | V9: =TEXT($A9,"0") -> 7200 | W9: {=IFERROR(MEDIAN(_xlfn._xlws.FILTER(benchmark_results[runtime_s],(benchmark_results[algo]="design_playlist_"&W$4)*(benchmark_results[target_s]=$A9)*(benchmark_results[timed_out]=FALSE))),NA())} -> 0.0003863 | X9: {=IFERROR(MEDIAN(_xlfn._xlws.FILTER(benchmark_results[runtime_s],(benchmark_results[algo]="design_playlist_"&X$4)*(benchmark_results[target_s]=$A9)*(benchmark_results[timed_out]=FALSE))),NA())} -> 0.0005539 | Y9: {=IFERROR(MEDIAN(_xlfn._xlws.FILTER(benchmark_results[runtime_s],(benchmark_results[algo]="design_playlist_"&Y$4)*(benchmark_results[target_s]=$A9)*(benchmark_results[timed_out]=FALSE))),NA())} -> 0.3267948 | Z9: {=IFERROR(MEDIAN(_xlfn._xlws.FILTER(benchmark_results[runtime_s],(benchmark_results[algo]="design_playlist_"&Z$4)*(benchmark_results[target_s]=$A9)*(benchmark_results[timed_out]=FALSE))),NA())} -> 0.1171962 | AB9: =TEXT($A9,"0") -> 7200 | AC9: =COUNTIFS(benchmark_results[algo],"design_playlist_"&AC$4,benchmark_results[target_s],$A9,benchmark_results[timed_out],TRUE) -> 3 | AD9: =COUNTIFS(benchmark_results[algo],"design_playlist_"&AD$4,benchmark_results[target_s],$A9,benchmark_results[timed_out],TRUE) -> 25 | AE9: =COUNTIFS(benchmark_results[algo],"design_playlist_"&AE$4,benchmark_results[target_s],$A9,benchmark_results[timed_out],TRUE) -> 0 | AF9: =COUNTIFS(benchmark_results[algo],"design_playlist_"&AF$4,benchmark_results[target_s],$A9,benchmark_results[timed_out],TRUE) -> 0
A11: Note: v1's and v2's medians fall at the 3600 s / 7200 s targets only because of survivorship — at those targets they finish almost exclusively the trivial n_tracks = 10 instances and time out on the rest. Read those rows together with the timeout counts.

Sheet Quality & Stability
A1: Quality, stability and matched-instance comparison
A2: The detail grid below reconstructs all 150 benchmark instances (5 rounds x 5 targets x 6 sizes) with each algorithm's runtime side by side. "TO" = timed out.
A4: Head-to-head: v3 vs v4 on the 150 matched instances | M4: Run-to-run stability: median runtime per round (s)
A5: Instances where v4 is faster | B5: =COUNTIF($H$31:$H$180,">1") -> 144 | M5: algo / round | N5: 0 | O5: 1 | P5: 2 | Q5: 3 | R5: 4 | S5: CV across rounds
A6: Instances where v3 is faster | B6: =COUNTIF($H$31:$H$180,"<1") -> 5 | M6: design_playlist_v1 | N6: {=IFERROR(MEDIAN(_xlfn._xlws.FILTER(benchmark_results[runtime_s],(benchmark_results[algo]=$M6)*(benchmark_results[round]=N$5)*(benchmark_results[timed_out]=FALSE))),"n/a")} -> 0.0005747 | O6: {=IFERROR(MEDIAN(_xlfn._xlws.FILTER(benchmark_results[runtime_s],(benchmark_results[algo]=$M6)*(benchmark_results[round]=O$5)*(benchmark_results[timed_out]=FALSE))),"n/a")} -> 0.00038745 | P6: {=IFERROR(MEDIAN(_xlfn._xlws.FILTER(benchmark_results[runtime_s],(benchmark_results[algo]=$M6)*(benchmark_results[round]=P$5)*(benchmark_results[timed_out]=FALSE))),"n/a")} -> 0.0004258 | Q6: {=IFERROR(MEDIAN(_xlfn._xlws.FILTER(benchmark_results[runtime_s],(benchmark_results[algo]=$M6)*(benchmark_results[round]=Q$5)*(benchmark_results[timed_out]=FALSE))),"n/a")} -> 0.00051860001 | R6: {=IFERROR(MEDIAN(_xlfn._xlws.FILTER(benchmark_results[runtime_s],(benchmark_results[algo]=$M6)*(benchmark_results[round]=R$5)*(benchmark_results[timed_out]=FALSE))),"n/a")} -> 0.0003163 | S6: =IFERROR(_xlfn.STDEV.S(N6:R6)/AVERAGE(N6:R6),"n/a") -> 0.23181133
A7: Instances where v4 is at least 2x faster | B7: =COUNTIF($H$31:$H$180,">=2") -> 96 | M7: design_playlist_v2 | N7: {=IFERROR(MEDIAN(_xlfn._xlws.FILTER(benchmark_results[runtime_s],(benchmark_results[algo]=$M7)*(benchmark_results[round]=N$5)*(benchmark_results[timed_out]=FALSE))),"n/a")} -> 0.001869 | O7: {=IFERROR(MEDIAN(_xlfn._xlws.FILTER(benchmark_results[runtime_s],(benchmark_results[algo]=$M7)*(benchmark_results[round]=O$5)*(benchmark_results[timed_out]=FALSE))),"n/a")} -> 0.0018503 | P7: {=IFERROR(MEDIAN(_xlfn._xlws.FILTER(benchmark_results[runtime_s],(benchmark_results[algo]=$M7)*(benchmark_results[round]=P$5)*(benchmark_results[timed_out]=FALSE))),"n/a")} -> 0.0023186 | Q7: {=IFERROR(MEDIAN(_xlfn._xlws.FILTER(benchmark_results[runtime_s],(benchmark_results[algo]=$M7)*(benchmark_results[round]=Q$5)*(benchmark_results[timed_out]=FALSE))),"n/a")} -> 0.0021755 | R7: {=IFERROR(MEDIAN(_xlfn._xlws.FILTER(benchmark_results[runtime_s],(benchmark_results[algo]=$M7)*(benchmark_results[round]=R$5)*(benchmark_results[timed_out]=FALSE))),"n/a")} -> 0.0018799 | S7: =IFERROR(_xlfn.STDEV.S(N7:R7)/AVERAGE(N7:R7),"n/a") -> 0.10640842
A8: Median v3 / v4 runtime ratio | B8: =MEDIAN($H$31:$H$180) -> 2.4221224 | M8: design_playlist_v3 | N8: {=IFERROR(MEDIAN(_xlfn._xlws.FILTER(benchmark_results[runtime_s],(benchmark_results[algo]=$M8)*(benchmark_results[round]=N$5)*(benchmark_results[timed_out]=FALSE))),"n/a")} -> 0.0224747 | O8: {=IFERROR(MEDIAN(_xlfn._xlws.FILTER(benchmark_results[runtime_s],(benchmark_results[algo]=$M8)*(benchmark_results[round]=O$5)*(benchmark_results[timed_out]=FALSE))),"n/a")} -> 0.0243229 | P8: {=IFERROR(MEDIAN(_xlfn._xlws.FILTER(benchmark_results[runtime_s],(benchmark_results[algo]=$M8)*(benchmark_results[round]=P$5)*(benchmark_results[timed_out]=FALSE))),"n/a")} -> 0.02954665 | Q8: {=IFERROR(MEDIAN(_xlfn._xlws.FILTER(benchmark_results[runtime_s],(benchmark_results[algo]=$M8)*(benchmark_results[round]=Q$5)*(benchmark_results[timed_out]=FALSE))),"n/a")} -> 0.03040515 | R8: {=IFERROR(MEDIAN(_xlfn._xlws.FILTER(benchmark_results[runtime_s],(benchmark_results[algo]=$M8)*(benchmark_results[round]=R$5)*(benchmark_results[timed_out]=FALSE))),"n/a")} -> 0.0228742 | S8: =IFERROR(_xlfn.STDEV.S(N8:R8)/AVERAGE(N8:R8),"n/a") -> 0.14556827
A9: Geometric mean v3 / v4 ratio | B9: =GEOMEAN($H$31:$H$180) -> 2.1721315 | M9: design_playlist_v4 | N9: {=IFERROR(MEDIAN(_xlfn._xlws.FILTER(benchmark_results[runtime_s],(benchmark_results[algo]=$M9)*(benchmark_results[round]=N$5)*(benchmark_results[timed_out]=FALSE))),"n/a")} -> 0.0110151 | O9: {=IFERROR(MEDIAN(_xlfn._xlws.FILTER(benchmark_results[runtime_s],(benchmark_results[algo]=$M9)*(benchmark_results[round]=O$5)*(benchmark_results[timed_out]=FALSE))),"n/a")} -> 0.01081415 | P9: {=IFERROR(MEDIAN(_xlfn._xlws.FILTER(benchmark_results[runtime_s],(benchmark_results[algo]=$M9)*(benchmark_results[round]=P$5)*(benchmark_results[timed_out]=FALSE))),"n/a")} -> 0.0105258 | Q9: {=IFERROR(MEDIAN(_xlfn._xlws.FILTER(benchmark_results[runtime_s],(benchmark_results[algo]=$M9)*(benchmark_results[round]=Q$5)*(benchmark_results[timed_out]=FALSE))),"n/a")} -> 0.01135645 | R9: {=IFERROR(MEDIAN(_xlfn._xlws.FILTER(benchmark_results[runtime_s],(benchmark_results[algo]=$M9)*(benchmark_results[round]=R$5)*(benchmark_results[timed_out]=FALSE))),"n/a")} -> 0.0104106 | S9: =IFERROR(_xlfn.STDEV.S(N9:R9)/AVERAGE(N9:R9),"n/a") -> 0.035176881
A10: Best / worst v3 / v4 ratio | B10: =MIN($H$31:$H$180) -> 0.85827337 | C10: =MAX($H$31:$H$180) -> 5.1123209
A11: Instances completed by all four algorithms | B11: {=SUMPRODUCT((ISNUMBER($D$31:$D$180))*(ISNUMBER($E$31:$E$180))*(ISNUMBER($F$31:$F$180))*(ISNUMBER($G$31:$G$180)))} -> 22 | M11: Timeouts per round (of 30 runs)
M12: algo / round | N12: 0 | O12: 1 | P12: 2 | Q12: 3 | R12: 4 | S12: Total
A13: Fastest algorithm per instance (count of 150) | M13: design_playlist_v1 | N13: =COUNTIFS(benchmark_results[algo],$M13,benchmark_results[round],N$12,benchmark_results[timed_out],TRUE) -> 7 | O13: =COUNTIFS(benchmark_results[algo],$M13,benchmark_results[round],O$12,benchmark_results[timed_out],TRUE) -> 8 | P13: =COUNTIFS(benchmark_results[algo],$M13,benchmark_results[round],P$12,benchmark_results[timed_out],TRUE) -> 9 | Q13: =COUNTIFS(benchmark_results[algo],$M13,benchmark_results[round],Q$12,benchmark_results[timed_out],TRUE) -> 7 | R13: =COUNTIFS(benchmark_results[algo],$M13,benchmark_results[round],R$12,benchmark_results[timed_out],TRUE) -> 8 | S13: =SUM(N13:R13) -> 39
A14: v1 (note: fast only because it bails out) | B14: =COUNTIF($I$31:$I$180,"v1") -> 110 | M14: design_playlist_v2 | N14: =COUNTIFS(benchmark_results[algo],$M14,benchmark_results[round],N$12,benchmark_results[timed_out],TRUE) -> 19 | O14: =COUNTIFS(benchmark_results[algo],$M14,benchmark_results[round],O$12,benchmark_results[timed_out],TRUE) -> 19 | P14: =COUNTIFS(benchmark_results[algo],$M14,benchmark_results[round],P$12,benchmark_results[timed_out],TRUE) -> 19 | Q14: =COUNTIFS(benchmark_results[algo],$M14,benchmark_results[round],Q$12,benchmark_results[timed_out],TRUE) -> 19 | R14: =COUNTIFS(benchmark_results[algo],$M14,benchmark_results[round],R$12,benchmark_results[timed_out],TRUE) -> 19 | S14: =SUM(N14:R14) -> 95
A15: v2 | B15: =COUNTIF($I$31:$I$180,"v2") -> 0 | M15: design_playlist_v3 | N15: =COUNTIFS(benchmark_results[algo],$M15,benchmark_results[round],N$12,benchmark_results[timed_out],TRUE) -> 0 | O15: =COUNTIFS(benchmark_results[algo],$M15,benchmark_results[round],O$12,benchmark_results[timed_out],TRUE) -> 0 | P15: =COUNTIFS(benchmark_results[algo],$M15,benchmark_results[round],P$12,benchmark_results[timed_out],TRUE) -> 0 | Q15: =COUNTIFS(benchmark_results[algo],$M15,benchmark_results[round],Q$12,benchmark_results[timed_out],TRUE) -> 0 | R15: =COUNTIFS(benchmark_results[algo],$M15,benchmark_results[round],R$12,benchmark_results[timed_out],TRUE) -> 0 | S15: =SUM(N15:R15) -> 0
A16: v3 | B16: =COUNTIF($I$31:$I$180,"v3") -> 6 | M16: design_playlist_v4 | N16: =COUNTIFS(benchmark_results[algo],$M16,benchmark_results[round],N$12,benchmark_results[timed_out],TRUE) -> 0 | O16: =COUNTIFS(benchmark_results[algo],$M16,benchmark_results[round],O$12,benchmark_results[timed_out],TRUE) -> 0 | P16: =COUNTIFS(benchmark_results[algo],$M16,benchmark_results[round],P$12,benchmark_results[timed_out],TRUE) -> 0 | Q16: =COUNTIFS(benchmark_results[algo],$M16,benchmark_results[round],Q$12,benchmark_results[timed_out],TRUE) -> 0 | R16: =COUNTIFS(benchmark_results[algo],$M16,benchmark_results[round],R$12,benchmark_results[timed_out],TRUE) -> 0 | S16: =SUM(N16:R16) -> 0
A17: v4 | B17: =COUNTIF($I$31:$I$180,"v4") -> 34
A19: Gap quality, v3 vs v4 on matched instances
A20: Instances where both gaps are identical | B20: {=SUMPRODUCT(--($J$31:$J$180=$K$31:$K$180))} -> 142
A21: Instances where v3 leaves the larger gap | B21: {=SUMPRODUCT(--($J$31:$J$180>$K$31:$K$180))} -> 8
A22: Instances where v4 leaves the larger gap | B22: {=SUMPRODUCT(--($K$31:$K$180>$J$31:$J$180))} -> 0
A23: Largest v3 disadvantage (s) | B23: {=MAX($J$31:$J$180-$K$31:$K$180)} -> 266
A24: Largest v4 disadvantage (s) | B24: {=MAX($K$31:$K$180-$J$31:$J$180)} -> 0
A30: round | B30: n_tracks | C30: target_s | D30: design_playlist_v1 | E30: design_playlist_v2 | F30: design_playlist_v3 | G30: design_playlist_v4 | H30: v3 / v4 runtime | I30: Fastest | J30: v3 gap_s | K30: v4 gap_s
A31: =INT((ROW()-31)/30) -> 0 | B31: {=INDEX('By Size'!$A$5:$A$10,MOD(ROW()-31,6)+1)} -> 10 | C31: {=INDEX('By Target'!$A$5:$A$9,INT(MOD(ROW()-31,30)/6)+1)} -> 300 | D31: =IF(COUNTIFS(benchmark_results[round],$A31,benchmark_results[algo],D$30,benchmark_results[n_tracks],$B31,benchmark_results[target_s],$C31,benchmark_results[timed_out],TRUE)=1,"TO",SUMIFS(benchmark_results[runtime_s],benchmark_results[round],$A31,benchmark_results[algo],D$30,benchmark_results[n_tracks],$B31,benchmark_results[target_s],$C31)) -> TO | E31: =IF(COUNTIFS(benchmark_results[round],$A31,benchmark_results[algo],E$30,benchmark_results[n_tracks],$B31,benchmark_results[target_s],$C31,benchmark_results[timed_out],TRUE)=1,"TO",SUMIFS(benchmark_results[runtime_s],benchmark_results[round],$A31,benchmark_results[algo],E$30,benchmark_results[n_tracks],$B31,benchmark_results[target_s],$C31)) -> 0.0001076 | F31: =IF(COUNTIFS(benchmark_results[round],$A31,benchmark_results[algo],F$30,benchmark_results[n_tracks],$B31,benchmark_results[target_s],$C31,benchmark_results[timed_out],TRUE)=1,"TO",SUMIFS(benchmark_results[runtime_s],benchmark_results[round],$A31,benchmark_results[algo],F$30,benchmark_results[n_tracks],$B31,benchmark_results[target_s],$C31)) -> 4.8999995e-05 | G31: =IF(COUNTIFS(benchmark_results[round],$A31,benchmark_results[algo],G$30,benchmark_results[n_tracks],$B31,benchmark_results[target_s],$C31,benchmark_results[timed_out],TRUE)=1,"TO",SUMIFS(benchmark_results[runtime_s],benchmark_results[round],$A31,benchmark_results[algo],G$30,benchmark_results[n_tracks],$B31,benchmark_results[target_s],$C31)) -> 4.8400005e-05 | H31: =IFERROR($F31/$G31,"n/a") -> 1.0123965 | I31: =SUBSTITUTE(INDEX($D$30:$G$30,MATCH(MIN($D31:$G31),$D31:$G31,0)),"design_playlist_","") -> v4 | J31: =SUMIFS(benchmark_results[gap_s],benchmark_results[round],$A31,benchmark_results[algo],$F$30,benchmark_results[n_tracks],$B31,benchmark_results[target_s],$C31) -> 0 | K31: =SUMIFS(benchmark_results[gap_s],benchmark_results[round],$A31,benchmark_results[algo],$G$30,benchmark_results[n_tracks],$B31,benchmark_results[target_s],$C31) -> 0
A32: =INT((ROW()-31)/30) -> 0 | B32: {=INDEX('By Size'!$A$5:$A$10,MOD(ROW()-31,6)+1)} -> 30 | C32: {=INDEX('By Target'!$A$5:$A$9,INT(MOD(ROW()-31,30)/6)+1)} -> 300 | D32: =IF(COUNTIFS(benchmark_results[round],$A32,benchmark_results[algo],D$30,benchmark_results[n_tracks],$B32,benchmark_results[target_s],$C32,benchmark_results[timed_out],TRUE)=1,"TO",SUMIFS(benchmark_results[runtime_s],benchmark_results[round],$A32,benchmark_results[algo],D$30,benchmark_results[n_tracks],$B32,benchmark_results[target_s],$C32)) -> TO | E32: =IF(COUNTIFS(benchmark_results[round],$A32,benchmark_results[algo],E$30,benchmark_results[n_tracks],$B32,benchmark_results[target_s],$C32,benchmark_results[timed_out],TRUE)=1,"TO",SUMIFS(benchmark_results[runtime_s],benchmark_results[round],$A32,benchmark_results[algo],E$30,benchmark_results[n_tracks],$B32,benchmark_results[target_s],$C32)) -> 0.001869 | F32: =IF(COUNTIFS(benchmark_results[round],$A32,benchmark_results[algo],F$30,benchmark_results[n_tracks],$B32,benchmark_results[target_s],$C32,benchmark_results[timed_out],TRUE)=1,"TO",SUMIFS(benchmark_results[runtime_s],benchmark_results[round],$A32,benchmark_results[algo],F$30,benchmark_results[n_tracks],$B32,benchmark_results[target_s],$C32)) -> 0.0002138 | G32: =IF(COUNTIFS(benchmark_results[round],$A32,benchmark_results[algo],G$30,benchmark_results[n_tracks],$B32,benchmark_results[target_s],$C32,benchmark_results[timed_out],TRUE)=1,"TO",SUMIFS(benchmark_results[runtime_s],benchmark_results[round],$A32,benchmark_results[algo],G$30,benchmark_results[n_tracks],$B32,benchmark_results[target_s],$C32)) -> 0.00014020001 | H32: =IFERROR($F32/$G32,"n/a") -> 1.5249643 | I32: =SUBSTITUTE(INDEX($D$30:$G$30,MATCH(MIN($D32:$G32),$D32:$G32,0)),"design_playlist_","") -> v4 | J32: =SUMIFS(benchmark_results[gap_s],benchmark_results[round],$A32,benchmark_results[algo],$F$30,benchmark_results[n_tracks],$B32,benchmark_results[target_s],$C32) -> 0 | K32: =SUMIFS(benchmark_results[gap_s],benchmark_results[round],$A32,benchmark_results[algo],$G$30,benchmark_results[n_tracks],$B32,benchmark_results[target_s],$C32) -> 0
A33: =INT((ROW()-31)/30) -> 0 | B33: {=INDEX('By Size'!$A$5:$A$10,MOD(ROW()-31,6)+1)} -> 50 | C33: {=INDEX('By Target'!$A$5:$A$9,INT(MOD(ROW()-31,30)/6)+1)} -> 300 | D33: =IF(COUNTIFS(benchmark_results[round],$A33,benchmark_results[algo],D$30,benchmark_results[n_tracks],$B33,benchmark_results[target_s],$C33,benchmark_results[timed_out],TRUE)=1,"TO",SUMIFS(benchmark_results[runtime_s],benchmark_results[round],$A33,benchmark_results[algo],D$30,benchmark_results[n_tracks],$B33,benchmark_results[target_s],$C33)) -> TO | E33: =IF(COUNTIFS(benchmark_results[round],$A33,benchmark_results[algo],E$30,benchmark_results[n_tracks],$B33,benchmark_results[target_s],$C33,benchmark_results[timed_out],TRUE)=1,"TO",SUMIFS(benchmark_results[runtime_s],benchmark_results[round],$A33,benchmark_results[algo],E$30,benchmark_results[n_tracks],$B33,benchmark_results[target_s],$C33)) -> 0.0129738 | F33: =IF(COUNTIFS(benchmark_results[round],$A33,benchmark_results[algo],F$30,benchmark_results[n_tracks],$B33,benchmark_results[target_s],$C33,benchmark_results[timed_out],TRUE)=1,"TO",SUMIFS(benchmark_results[runtime_s],benchmark_results[round],$A33,benchmark_results[algo],F$30,benchmark_results[n_tracks],$B33,benchmark_results[target_s],$C33)) -> 0.0004772 | G33: =IF(COUNTIFS(benchmark_results[round],$A33,benchmark_results[algo],G$30,benchmark_results[n_tracks],$B33,benchmark_results[target_s],$C33,benchmark_results[timed_out],TRUE)=1,"TO",SUMIFS(benchmark_results[runtime_s],benchmark_results[round],$A33,benchmark_results[algo],G$30,benchmark_results[n_tracks],$B33,benchmark_results[target_s],$C33)) -> 0.000556 | H33: =IFERROR($F33/$G33,"n/a") -> 0.85827337 | I33: =SUBSTITUTE(INDEX($D$30:$G$30,MATCH(MIN($D33:$G33),$D33:$G33,0)),"design_playlist_","") -> v3 | J33: =SUMIFS(benchmark_results[gap_s],benchmark_results[round],$A33,benchmark_results[algo],$F$30,benchmark_results[n_tracks],$B33,benchmark_results[target_s],$C33) -> 0 | K33: =SUMIFS(benchmark_results[gap_s],benchmark_results[round],$A33,benchmark_results[algo],$G$30,benchmark_results[n_tracks],$B33,benchmark_results[target_s],$C33) -> 0
A34: =INT((ROW()-31)/30) -> 0 | B34: {=INDEX('By Size'!$A$5:$A$10,MOD(ROW()-31,6)+1)} -> 100 | C34: {=INDEX('By Target'!$A$5:$A$9,INT(MOD(ROW()-31,30)/6)+1)} -> 300 | D34: =IF(COUNTIFS(benchmark_results[round],$A34,benchmark_results[algo],D$30,benchmark_results[n_tracks],$B34,benchmark_results[target_s],$C34,benchmark_results[timed_out],TRUE)=1,"TO",SUMIFS(benchmark_results[runtime_s],benchmark_results[round],$A34,benchmark_results[algo],D$30,benchmark_results[n_tracks],$B34,benchmark_results[target_s],$C34)) -> 9.6100004e-05 | E34: =IF(COUNTIFS(benchmark_results[round],$A34,benchmark_results[algo],E$30,benchmark_results[n_tracks],$B34,benchmark_results[target_s],$C34,benchmark_results[timed_out],TRUE)=1,"TO",SUMIFS(benchmark_results[runtime_s],benchmark_results[round],$A34,benchmark_results[algo],E$30,benchmark_results[n_tracks],$B34,benchmark_results[target_s],$C34)) -> 0.2571056 | F34: =IF(COUNTIFS(benchmark_results[round],$A34,benchmark_results[algo],F$30,benchmark_results[n_tracks],$B34,benchmark_results[target_s],$C34,benchmark_results[timed_out],TRUE)=1,"TO",SUMIFS(benchmark_results[runtime_s],benchmark_results[round],$A34,benchmark_results[algo],F$30,benchmark_results[n_tracks],$B34,benchmark_results[target_s],$C34)) -> 0.0024922 | G34: =IF(COUNTIFS(benchmark_results[round],$A34,benchmark_results[algo],G$30,benchmark_results[n_tracks],$B34,benchmark_results[target_s],$C34,benchmark_results[timed_out],TRUE)=1,"TO",SUMIFS(benchmark_results[runtime_s],benchmark_results[round],$A34,benchmark_results[algo],G$30,benchmark_results[n_tracks],$B34,benchmark_results[target_s],$C34)) -> 0.0023407 | H34: =IFERROR($F34/$G34,"n/a") -> 1.0647242 | I34: =SUBSTITUTE(INDEX($D$30:$G$30,MATCH(MIN($D34:$G34),$D34:$G34,0)),"design_playlist_","") -> v1 | J34: =SUMIFS(benchmark_results[gap_s],benchmark_results[round],$A34,benchmark_results[algo],$F$30,benchmark_results[n_tracks],$B34,benchmark_results[target_s],$C34) -> 0 | K34: =SUMIFS(benchmark_results[gap_s],benchmark_results[round],$A34,benchmark_results[algo],$G$30,benchmark_results[n_tracks],$B34,benchmark_results[target_s],$C34) -> 0
A35: =INT((ROW()-31)/30) -> 0 | B35: {=INDEX('By Size'!$A$5:$A$10,MOD(ROW()-31,6)+1)} -> 200 | C35: {=INDEX('By Target'!$A$5:$A$9,INT(MOD(ROW()-31,30)/6)+1)} -> 300 | D35: =IF(COUNTIFS(benchmark_results[round],$A35,benchmark_results[algo],D$30,benchmark_results[n_tracks],$B35,benchmark_results[target_s],$C35,benchmark_results[timed_out],TRUE)=1,"TO",SUMIFS(benchmark_results[runtime_s],benchmark_results[round],$A35,benchmark_results[algo],D$30,benchmark_results[n_tracks],$B35,benchmark_results[target_s],$C35)) -> 0.0004853 | E35: =IF(COUNTIFS(benchmark_results[round],$A35,benchmark_results[algo],E$30,benchmark_results[n_tracks],$B35,benchmark_results[target_s],$C35,benchmark_results[timed_out],TRUE)=1,"TO",SUMIFS(benchmark_results[runtime_s],benchmark_results[round],$A35,benchmark_results[algo],E$30,benchmark_results[n_tracks],$B35,benchmark_results[target_s],$C35)) -> TO | F35: =IF(COUNTIFS(benchmark_results[round],$A35,benchmark_results[algo],F$30,benchmark_results[n_tracks],$B35,benchmark_results[target_s],$C35,benchmark_results[timed_out],TRUE)=1,"TO",SUMIFS(benchmark_results[runtime_s],benchmark_results[round],$A35,benchmark_results[algo],F$30,benchmark_results[n_tracks],$B35,benchmark_results[target_s],$C35)) -> 0.0096613 | G35: =IF(COUNTIFS(benchmark_results[round],$A35,benchmark_results[algo],G$30,benchmark_results[n_tracks],$B35,benchmark_results[target_s],$C35,benchmark_results[timed_out],TRUE)=1,"TO",SUMIFS(benchmark_results[runtime_s],benchmark_results[round],$A35,benchmark_results[algo],G$30,benchmark_results[n_tracks],$B35,benchmark_results[target_s],$C35)) -> 0.0066784 | H35: =IFERROR($F35/$G35,"n/a") -> 1.4466489 | I35: =SUBSTITUTE(INDEX($D$30:$G$30,MATCH(MIN($D35:$G35),$D35:$G35,0)),"design_playlist_","") -> v1 | J35: =SUMIFS(benchmark_results[gap_s],benchmark_results[round],$A35,benchmark_results[algo],$F$30,benchmark_results[n_tracks],$B35,benchmark_results[target_s],$C35) -> 0 | K35: =SUMIFS(benchmark_results[gap_s],benchmark_results[round],$A35,benchmark_results[algo],$G$30,benchmark_results[n_tracks],$B35,benchmark_results[target_s],$C35) -> 0
A36: =INT((ROW()-31)/30) -> 0 | B36: {=INDEX('By Size'!$A$5:$A$10,MOD(ROW()-31,6)+1)} -> 400 | C36: {=INDEX('By Target'!$A$5:$A$9,INT(MOD(ROW()-31,30)/6)+1)} -> 300 | D36: =IF(COUNTIFS(benchmark_results[round],$A36,benchmark_results[algo],D$30,benchmark_results[n_tracks],$B36,benchmark_results[target_s],$C36,benchmark_results[timed_out],TRUE)=1,"TO",SUMIFS(benchmark_results[runtime_s],benchmark_results[round],$A36,benchmark_results[algo],D$30,benchmark_results[n_tracks],$B36,benchmark_results[target_s],$C36)) -> 0.0002594 | E36: =IF(COUNTIFS(benchmark_results[round],$A36,benchmark_results[algo],E$30,benchmark_results[n_tracks],$B36,benchmark_results[target_s],$C36,benchmark_results[timed_out],TRUE)=1,"TO",SUMIFS(benchmark_results[runtime_s],benchmark_results[round],$A36,benchmark_results[algo],E$30,benchmark_results[n_tracks],$B36,benchmark_results[target_s],$C36)) -> TO | F36: =IF(COUNTIFS(benchmark_results[round],$A36,benchmark_results[algo],F$30,benchmark_results[n_tracks],$B36,benchmark_results[target_s],$C36,benchmark_results[timed_out],TRUE)=1,"TO",SUMIFS(benchmark_results[runtime_s],benchmark_results[round],$A36,benchmark_results[algo],F$30,benchmark_results[n_tracks],$B36,benchmark_results[target_s],$C36)) -> 0.0171225 | G36: =IF(COUNTIFS(benchmark_results[round],$A36,benchmark_results[algo],G$30,benchmark_results[n_tracks],$B36,benchmark_results[target_s],$C36,benchmark_results[timed_out],TRUE)=1,"TO",SUMIFS(benchmark_results[runtime_s],benchmark_results[round],$A36,benchmark_results[algo],G$30,benchmark_results[n_tracks],$B36,benchmark_results[target_s],$C36)) -> 0.0121063 | H36: =IFERROR($F36/$G36,"n/a") -> 1.4143462 | I36: =SUBSTITUTE(INDEX($D$30:$G$30,MATCH(MIN($D36:$G36),$D36:$G36,0)),"design_playlist_","") -> v1 | J36: =SUMIFS(benchmark_results[gap_s],benchmark_results[round],$A36,benchmark_results[algo],$F$30,benchmark_results[n_tracks],$B36,benchmark_results[target_s],$C36) -> 0 | K36: =SUMIFS(benchmark_results[gap_s],benchmark_results[round],$A36,benchmark_results[algo],$G$30,benchmark_results[n_tracks],$B36,benchmark_results[target_s],$C36) -> 0
A37: =INT((ROW()-31)/30) -> 0 | B37: {=INDEX('By Size'!$A$5:$A$10,MOD(ROW()-31,6)+1)} -> 10 | C37: {=INDEX('By Target'!$A$5:$A$9,INT(MOD(ROW()-31,30)/6)+1)} -> 600 | D37: =IF(COUNTIFS(benchmark_results[round],$A37,benchmark_results[algo],D$30,benchmark_results[n_tracks],$B37,benchmark_results[target_s],$C37,benchmark_results[timed_out],TRUE)=1,"TO",SUMIFS(benchmark_results[runtime_s],benchmark_results[round],$A37,benchmark_results[algo],D$30,benchmark_results[n_tracks],$B37,benchmark_results[target_s],$C37)) -> TO | E37: =IF(COUNTIFS(benchmark_results[round],$A37,benchmark_results[algo],E$30,benchmark_results[n_tracks],$B37,benchmark_results[target_s],$C37,benchmark_results[timed_out],TRUE)=1,"TO",SUMIFS(benchmark_results[runtime_s],benchmark_results[round],$A37,benchmark_results[algo],E$30,benchmark_results[n_tracks],$B37,benchmark_results[target_s],$C37)) -> 0.00019179999 | F37: =IF(COUNTIFS(benchmark_results[round],$A37,benchmark_results[algo],F$30,benchmark_results[n_tracks],$B37,benchmark_results[target_s],$C37,benchmark_results[timed_out],TRUE)=1,"TO",SUMIFS(benchmark_results[runtime_s],benchmark_results[round],$A37,benchmark_results[algo],F$30,benchmark_results[n_tracks],$B37,benchmark_results[target_s],$C37)) -> 0.00010379999 | G37: =IF(COUNTIFS(benchmark_results[round],$A37,benchmark_results[algo],G$30,benchmark_results[n_tracks],$B37,benchmark_results[target_s],$C37,benchmark_results[timed_out],TRUE)=1,"TO",SUMIFS(benchmark_results[runtime_s],benchmark_results[round],$A37,benchmark_results[algo],G$30,benchmark_results[n_tracks],$B37,benchmark_results[target_s],$C37)) -> 9.8699995e-05 | H37: =IFERROR($F37/$G37,"n/a") -> 1.0516717 | I37: =SUBSTITUTE(INDEX($D$30:$G$30,MATCH(MIN($D37:$G37),$D37:$G37,0)),"design_playlist_","") -> v4 | J37: =SUMIFS(benchmark_results[gap_s],benchmark_results[round],$A37,benchmark_results[algo],$F$30,benchmark_results[n_tracks],$B37,benchmark_results[target_s],$C37) -> 1 | K37: =SUMIFS(benchmark_results[gap_s],benchmark_results[round],$A37,benchmark_results[algo],$G$30,benchmark_results[n_tracks],$B37,benchmark_results[target_s],$C37) -> 1
A38: =INT((ROW()-31)/30) -> 0 | B38: {=INDEX('By Size'!$A$5:$A$10,MOD(ROW()-31,6)+1)} -> 30 | C38: {=INDEX('By Target'!$A$5:$A$9,INT(MOD(ROW()-31,30)/6)+1)} -> 600 | D38: =IF(COUNTIFS(benchmark_results[round],$A38,benchmark_results[algo],D$30,benchmark_results[n_tracks],$B38,benchmark_results[target_s],$C38,benchmark_results[timed_out],TRUE)=1,"TO",SUMIFS(benchmark_results[runtime_s],benchmark_results[round],$A38,benchmark_results[algo],D$30,benchmark_results[n_tracks],$B38,benchmark_results[target_s],$C38)) -> TO | E38: =IF(COUNTIFS(benchmark_results[round],$A38,benchmark_results[algo],E$30,benchmark_results[n_tracks],$B38,benchmark_results[target_s],$C38,benchmark_results[timed_out],TRUE)=1,"TO",SUMIFS(benchmark_results[runtime_s],benchmark_results[round],$A38,benchmark_results[algo],E$30,benchmark_results[n_tracks],$B38,benchmark_results[target_s],$C38)) -> 0.2012925 | F38: =IF(COUNTIFS(benchmark_results[round],$A38,benchmark_results[algo],F$30,benchmark_results[n_tracks],$B38,benchmark_results[target_s],$C38,benchmark_results[timed_out],TRUE)=1,"TO",SUMIFS(benchmark_results[runtime_s],benchmark_results[round],$A38,benchmark_results[algo],F$30,benchmark_results[n_tracks],$B38,benchmark_results[target_s],$C38)) -> 0.0032198 | G38: =IF(COUNTIFS(benchmark_results[round],$A38,benchmark_results[algo],G$30,benchmark_results[n_tracks],$B38,benchmark_results[target_s],$C38,benchmark_results[timed_out],TRUE)=1,"TO",SUMIFS(benchmark_results[runtime_s],benchmark_results[round],$A38,benchmark_results[algo],G$30,benchmark_results[n_tracks],$B38,benchmark_results[target_s],$C38)) -> 0.0011334 | H38: =IFERROR($F38/$G38,"n/a") -> 2.8408329 | I38: =SUBSTITUTE(INDEX($D$30:$G$30,MATCH(MIN($D38:$G38),$D38:$G38,0)),"design_playlist_","") -> v4 | J38: =SUMIFS(benchmark_results[gap_s],benchmark_results[round],$A38,benchmark_results[algo],$F$30,benchmark_results[n_tracks],$B38,benchmark_results[target_s],$C38) -> 0 | K38: =SUMIFS(benchmark_results[gap_s],benchmark_results[round],$A38,benchmark_results[algo],$G$30,benchmark_results[n_tracks],$B38,benchmark_results[target_s],$C38) -> 0
A39: =INT((ROW()-31)/30) -> 0 | B39: {=INDEX('By Size'!$A$5:$A$10,MOD(ROW()-31,6)+1)} -> 50 | C39: {=INDEX('By Target'!$A$5:$A$9,INT(MOD(ROW()-31,30)/6)+1)} -> 600 | D39: =IF(COUNTIFS(benchmark_results[round],$A39,benchmark_results[algo],D$30,benchmark_results[n_tracks],$B39,benchmark_results[target_s],$C39,benchmark_results[timed_out],TRUE)=1,"TO",SUMIFS(benchmark_results[runtime_s],benchmark_results[round],$A39,benchmark_results[algo],D$30,benchmark_results[n_tracks],$B39,benchmark_results[target_s],$C39)) -> 0.0013281 | E39: =IF(COUNTIFS(benchmark_results[round],$A39,benchmark_results[algo],E$30,benchmark_results[n_tracks],$B39,benchmark_results[target_s],$C39,benchmark_results[timed_out],TRUE)=1,"TO",SUMIFS(benchmark_results[runtime_s],benchmark_results[round],$A39,benchmark_results[algo],E$30,benchmark_results[n_tracks],$B39,benchmark_results[target_s],$C39)) -> 2.0185901 | F39: =IF(COUNTIFS(benchmark_results[round],$A39,benchmark_results[algo],F$30,benchmark_results[n_tracks],$B39,benchmark_results[target_s],$C39,benchmark_results[timed_out],TRUE)=1,"TO",SUMIFS(benchmark_results[runtime_s],benchmark_results[round],$A39,benchmark_results[algo],F$30,benchmark_results[n_tracks],$B39,benchmark_results[target_s],$C39)) -> 0.0047539 | G39: =IF(COUNTIFS(benchmark_results[round],$A39,benchmark_results[algo],G$30,benchmark_results[n_tracks],$B39,benchmark_results[target_s],$C39,benchmark_results[timed_out],TRUE)=1,"TO",SUMIFS(benchmark_results[runtime_s],benchmark_results[round],$A39,benchmark_results[algo],G$30,benchmark_results[n_tracks],$B39,benchmark_results[target_s],$C39)) -> 0.002092 | H39: =IFERROR($F39/$G39,"n/a") -> 2.2724187 | I39: =SUBSTITUTE(INDEX($D$30:$G$30,MATCH(MIN($D39:$G39),$D39:$G39,0)),"design_playlist_","") -> v1 | J39: =SUMIFS(benchmark_results[gap_s],benchmark_results[round],$A39,benchmark_results[algo],$F$30,benchmark_results[n_tracks],$B39,benchmark_results[target_s],$C39) -> 0 | K39: =SUMIFS(benchmark_results[gap_s],benchmark_results[round],$A39,benchmark_results[algo],$G$30,benchmark_results[n_tracks],$B39,benchmark_results[target_s],$C39) -> 0
A40: =INT((ROW()-31)/30) -> 0 | B40: {=INDEX('By Size'!$A$5:$A$10,MOD(ROW()-31,6)+1)} -> 100 | C40: {=INDEX('By Target'!$A$5:$A$9,INT(MOD(ROW()-31,30)/6)+1)} -> 600 | D40: =IF(COUNTIFS(benchmark_results[round],$A40,benchmark_results[algo],D$30,benchmark_results[n_tracks],$B40,benchmark_results[target_s],$C40,benchmark_results[timed_out],TRUE)=1,"TO",SUMIFS(benchmark_results[runtime_s],benchmark_results[round],$A40,benchmark_results[algo],D$30,benchmark_results[n_tracks],$B40,benchmark_results[target_s],$C40)) -> 0.0003647 | E40: =IF(COUNTIFS(benchmark_results[round],$A40,benchmark_results[algo],E$30,benchmark_results[n_tracks],$B40,benchmark_results[target_s],$C40,benchmark_results[timed_out],TRUE)=1,"TO",SUMIFS(benchmark_results[runtime_s],benchmark_results[round],$A40,benchmark_results[algo],E$30,benchmark_results[n_tracks],$B40,benchmark_results[target_s],$C40)) -> TO | F40: =IF(COUNTIFS(benchmark_results[round],$A40,benchmark_results[algo],F$30,benchmark_results[n_tracks],$B40,benchmark_results[target_s],$C40,benchmark_results[timed_out],TRUE)=1,"TO",SUMIFS(benchmark_results[runtime_s],benchmark_results[round],$A40,benchmark_results[algo],F$30,benchmark_results[n_tracks],$B40,benchmark_results[target_s],$C40)) -> 0.0112992 | G40: =IF(COUNTIFS(benchmark_results[round],$A40,benchmark_results[algo],G$30,benchmark_results[n_tracks],$B40,benchmark_results[target_s],$C40,benchmark_results[timed_out],TRUE)=1,"TO",SUMIFS(benchmark_results[runtime_s],benchmark_results[round],$A40,benchmark_results[algo],G$30,benchmark_results[n_tracks],$B40,benchmark_results[target_s],$C40)) -> 0.0055072 | H40: =IFERROR($F40/$G40,"n/a") -> 2.0517141 | I40: =SUBSTITUTE(INDEX($D$30:$G$30,MATCH(MIN($D40:$G40),$D40:$G40,0)),"design_playlist_","") -> v1 | J40: =SUMIFS(benchmark_results[gap_s],benchmark_results[round],$A40,benchmark_results[algo],$F$30,benchmark_results[n_tracks],$B40,benchmark_results[target_s],$C40) -> 0 | K40: =SUMIFS(benchmark_results[gap_s],benchmark_results[round],$A40,benchmark_results[algo],$G$30,benchmark_results[n_tracks],$B40,benchmark_results[target_s],$C40) -> 0
A41: =INT((ROW()-31)/30) -> 0 | B41: {=INDEX('By Size'!$A$5:$A$10,MOD(ROW()-31,6)+1)} -> 200 | C41: {=INDEX('By Target'!$A$5:$A$9,INT(MOD(ROW()-31,30)/6)+1)} -> 600 | D41: =IF(COUNTIFS(benchmark_results[round],$A41,benchmark_results[algo],D$30,benchmark_results[n_tracks],$B41,benchmark_results[target_s],$C41,benchmark_results[timed_out],TRUE)=1,"TO",SUMIFS(benchmark_results[runtime_s],benchmark_results[round],$A41,benchmark_results[algo],D$30,benchmark_results[n_tracks],$B41,benchmark_results[target_s],$C41)) -> 0.0002064 | E41: =IF(COUNTIFS(benchmark_results[round],$A41,benchmark_results[algo],E$30,benchmark_results[n_tracks],$B41,benchmark_results[target_s],$C41,benchmark_results[timed_out],TRUE)=1,"TO",SUMIFS(benchmark_results[runtime_s],benchmark_results[round],$A41,benchmark_results[algo],E$30,benchmark_results[n_tracks],$B41,benchmark_results[target_s],$C41)) -> TO | F41: =IF(COUNTIFS(benchmark_results[round],$A41,benchmark_results[algo],F$30,benchmark_results[n_tracks],$B41,benchmark_results[target_s],$C41,benchmark_results[timed_out],TRUE)=1,"TO",SUMIFS(benchmark_results[runtime_s],benchmark_results[round],$A41,benchmark_results[algo],F$30,benchmark_results[n_tracks],$B41,benchmark_results[target_s],$C41)) -> 0.0278269 | G41: =IF(COUNTIFS(benchmark_results[round],$A41,benchmark_results[algo],G$30,benchmark_results[n_tracks],$B41,benchmark_results[target_s],$C41,benchmark_results[timed_out],TRUE)=1,"TO",SUMIFS(benchmark_results[runtime_s],benchmark_results[round],$A41,benchmark_results[algo],G$30,benchmark_results[n_tracks],$B41,benchmark_results[target_s],$C41)) -> 0.0109199 | H41: =IFERROR($F41/$G41,"n/a") -> 2.5482743 | I41: =SUBSTITUTE(INDEX($D$30:$G$30,MATCH(MIN($D41:$G41),$D41:$G41,0)),"design_playlist_","") -> v1 | J41: =SUMIFS(benchmark_results[gap_s],benchmark_results[round],$A41,benchmark_results[algo],$F$30,benchmark_results[n_tracks],$B41,benchmark_results[target_s],$C41) -> 0 | K41: =SUMIFS(benchmark_results[gap_s],benchmark_results[round],$A41,benchmark_results[algo],$G$30,benchmark_results[n_tracks],$B41,benchmark_results[target_s],$C41) -> 0
A42: =INT((ROW()-31)/30) -> 0 | B42: {=INDEX('By Size'!$A$5:$A$10,MOD(ROW()-31,6)+1)} -> 400 | C42: {=INDEX('By Target'!$A$5:$A$9,INT(MOD(ROW()-31,30)/6)+1)} -> 600 | D42: =IF(COUNTIFS(benchmark_results[round],$A42,benchmark_results[algo],D$30,benchmark_results[n_tracks],$B42,benchmark_results[target_s],$C42,benchmark_results[timed_out],TRUE)=1,"TO",SUMIFS(benchmark_results[runtime_s],benchmark_results[round],$A42,benchmark_results[algo],D$30,benchmark_results[n_tracks],$B42,benchmark_results[target_s],$C42)) -> 0.002134 | E42: =IF(COUNTIFS(benchmark_results[round],$A42,benchmark_results[algo],E$30,benchmark_results[n_tracks],$B42,benchmark_results[target_s],$C42,benchmark_results[timed_out],TRUE)=1,"TO",SUMIFS(benchmark_results[runtime_s],benchmark_results[round],$A42,benchmark_results[algo],E$30,benchmark_results[n_tracks],$B42,benchmark_results[target_s],$C42)) -> TO | F42: =IF(COUNTIFS(benchmark_results[round],$A42,benchmark_results[algo],F$30,benchmark_results[n_tracks],$B42,benchmark_results[target_s],$C42,benchmark_results[timed_out],TRUE)=1,"TO",SUMIFS(benchmark_results[runtime_s],benchmark_results[round],$A42,benchmark_results[algo],F$30,benchmark_results[n_tracks],$B42,benchmark_results[target_s],$C42)) -> 0.0623693 | G42: =IF(COUNTIFS(benchmark_results[round],$A42,benchmark_results[algo],G$30,benchmark_results[n_tracks],$B42,benchmark_results[target_s],$C42,benchmark_results[timed_out],TRUE)=1,"TO",SUMIFS(benchmark_results[runtime_s],benchmark_results[round],$A42,benchmark_results[algo],G$30,benchmark_results[n_tracks],$B42,benchmark_results[target_s],$C42)) -> 0.0260313 | H42: =IFERROR($F42/$G42,"n/a") -> 2.3959349 | I42: =SUBSTITUTE(INDEX($D$30:$G$30,MATCH(MIN($D42:$G42),$D42:$G42,0)),"design_playlist_","") -> v1 | J42: =SUMIFS(benchmark_results[gap_s],benchmark_results[round],$A42,benchmark_results[algo],$F$30,benchmark_results[n_tracks],$B42,benchmark_results[target_s],$C42) -> 0 | K42: =SUMIFS(benchmark_results[gap_s],benchmark_results[round],$A42,benchmark_results[algo],$G$30,benchmark_results[n_tracks],$B42,benchmark_results[target_s],$C42) -> 0
... A180: =INT((ROW()-31)/30) -> 4 | B180: {=INDEX('By Size'!$A$5:$A$10,MOD(ROW()-31,6)+1)} -> 400 | C180: {=INDEX('By Target'!$A$5:$A$9,INT(MOD(ROW()-31,30)/6)+1)} -> 7200 | D180: =IF(COUNTIFS(benchmark_results[round],$A180,benchmark_results[algo],D$30,benchmark_results[n_tracks],$B180,benchmark_results[target_s],$C180,benchmark_results[timed_out],TRUE)=1,"TO",SUMIFS(benchmark_results[runtime_s],benchmark_results[round],$A180,benchmark_results[algo],D$30,benchmark_results[n_tracks],$B180,benchmark_results[target_s],$C180)) -> 0.001073 | E180: =IF(COUNTIFS(benchmark_results[round],$A180,benchmark_results[algo],E$30,benchmark_results[n_tracks],$B180,benchmark_results[target_s],$C180,benchmark_results[timed_out],TRUE)=1,"TO",SUMIFS(benchmark_results[runtime_s],benchmark_results[round],$A180,benchmark_results[algo],E$30,benchmark_results[n_tracks],$B180,benchmark_results[target_s],$C180)) -> TO | F180: =IF(COUNTIFS(benchmark_results[round],$A180,benchmark_results[algo],F$30,benchmark_results[n_tracks],$B180,benchmark_results[target_s],$C180,benchmark_results[timed_out],TRUE)=1,"TO",SUMIFS(benchmark_results[runtime_s],benchmark_results[round],$A180,benchmark_results[algo],F$30,benchmark_results[n_tracks],$B180,benchmark_results[target_s],$C180)) -> 2.4158163 | G180: =IF(COUNTIFS(benchmark_results[round],$A180,benchmark_results[algo],G$30,benchmark_results[n_tracks],$B180,benchmark_results[target_s],$C180,benchmark_results[timed_out],TRUE)=1,"TO",SUMIFS(benchmark_results[runtime_s],benchmark_results[round],$A180,benchmark_results[algo],G$30,benchmark_results[n_tracks],$B180,benchmark_results[target_s],$C180)) -> 0.8274979 | H180: =IFERROR($F180/$G180,"n/a") -> 2.9194229 | I180: =SUBSTITUTE(INDEX($D$30:$G$30,MATCH(MIN($D180:$G180),$D180:$G180,0)),"design_playlist_","") -> v1 | J180: =SUMIFS(benchmark_results[gap_s],benchmark_results[round],$A180,benchmark_results[algo],$F$30,benchmark_results[n_tracks],$B180,benchmark_results[target_s],$C180) -> 0 | K180: =SUMIFS(benchmark_results[gap_s],benchmark_results[round],$A180,benchmark_results[algo],$G$30,benchmark_results[n_tracks],$B180,benchmark_results[target_s],$C180) -> 0
